Item Name,Quantity,Measure,Wgt (g),Cals (kcal),FatCals (kcal),SatCals (kcal),Prot (g),Carb (g),TotFib (g),TotSolFib (g),Sugar (g),MonSac (g),Disacc (g),OCarb (g),Fat (g),SatFat (g),MonoFat (g),PolyFat (g),TransFat (g),Chol (mg),Water (g),Vit A-IU (IU),Vit A-RAE (mcg),Caroten (mcg),Retinol (mcg),BetaCaro (mcg),Vit B1 (mg),Vit B2 (mg),Vit B3 (mg),Vit B3-NE (mg),Vit B6 (mg),Vit B12 (mcg),Biot (mcg),Vit C (mg),Vit D-IU (IU),Vit D-mcg (mcg),Vit E-a-Toco (mg),Folate (mcg),Fol_DFE (mcg DFE),Vit K (mcg),Panto (mg),Calc (mg),Chrom (mcg),Copp (mg),Fluor (mg),Iodine (mcg),Iron (mg),Magn (mg),Mang (mg),Moly (mcg),Phos (mg),Pot (mg),Sel (mcg),Sod (mg),Zinc (mg),Omega3 (g),Omega6 (g),Alc (g),Caff (mg),Chln (mg)
,,,,,,,,,,,,,,,,,,,,,,,,,,,,,,,,,,,,,,,,,,,,,,,,,,,,,,,,,,,,
Creamy Celeriac Soup,1,Serving,537.75,246.03,68.94,11.77,9.36,35.95,8.92,1.03,8.64,1.15,0.29,12.94,7.69,1.31,4.3,1.31,0,0,140.78,479.71,23.99,47.97,0,18.66,0.18,0.11,1.13,1.73,0.29,0,0,13.78,0,0,0.73,73.83,66.15,72.12,0.58,148.26,0.05,0.19,0.01,0,3.19,54.88,0.59,6.55,216.89,692.53,2.78,663.1,0.86,0.05,0.39,0,0,12.35
"    celeriac, fresh",4.624,Ounce-weight,131.09,55.06,3.54,0.93,1.97,12.06,2.36,0,2.1,0,0,7.6,0.39,0.1,0.08,0.19,0,0,115.36,0,0,0,0,0,0.07,0.08,0.92,0.92,0.22,0,0,10.49,0,0,0.47,10.49,10.49,53.75,0.46,56.37,0,0.09,0,0,0.92,26.22,0.21,6.55,150.75,393.26,0.92,131.09,0.43,0,0.19,0,0,11.8
"    beans, small white, dry",0.504,Ounce-weight,14.29,48.01,1.52,0.39,3.02,8.89,3.56,1.03,0,0,0,0,0.17,0.04,0.01,0.07,0,0,1.67,0,0,0,0,0,0.11,0.03,0.19,0.79,0.06,0,0,0,0,0,0,55.15,55.15,0,0.1,24.72,0,0.09,0,0,1.1,26.15,0.18,0,63.58,220.32,1.83,1.71,0.4,0.03,0.04,0,0,0
"    apple, granny smith, fresh",0.528,Ounce-weight,14.97,8.68,0.26,0,0.07,2.04,0.42,0,1.44,1.15,0.29,0.18,0.03,0,0,0,0,0,12.79,14.97,0.75,1.5,0,8.83,0,0,0.02,0.02,0.01,0,0,0,0,0,0.03,0.45,0.45,0.48,0.01,0.75,0,0,0,0,0.02,0.75,0.01,0,1.8,17.96,0.01,0.15,0.01,0,0,0,0,0.51
"    potato, Yukon Gold, fresh, diced",0.648,Ounce-weight,18.37,13.36,0,0,0.33,3.34,0.33,0,0.17,0,0,2.84,0,0,0,0,0,0,0,0,0,0,0,0,0,0,0,0,0,0,0,0.6,0,0,0,0,0,0,0,13.36,0,0,0,0,0.18,0,0,0,0,0,0,5.85,0,0,0,0,0,0
"    black pepper, ground",0.012,Ounce-weight,0.34,0.85,0.1,0.04,0.04,0.22,0.09,0,0,0,0,0.13,0.01,0,0,0,0,0,0.04,1.86,0.09,0.19,0,1.05,0,0,0,0.01,0,0,0,0,0,0,0,0.06,0.06,0.56,0,1.51,0.05,0,0,0,0.03,0.58,0.04,0,0.54,4.52,0.02,0.07,0,0,0,0,0,0.04
"    sage, fresh",0.024,Ounce-weight,0.68,0.81,0.28,0,0.03,0.11,0,0,0,0,0,0,0.03,0,0,0,0,0,0.45,14.63,0.73,1.46,0,8.78,0,0,0,0,0,0,0,0,0,0,0,0,0,0,0,4.08,0,0,0,0,0,1.09,0.06,0,0.22,2.65,0,0.03,0.01,0,0,0,0,0
"    garlic, minced",0.06,Ounce-weight,1.7,5.1,1.53,0,0,0,0,0,0,0,0,0,0.17,0,0,0,0,0,1.16,0,0,0,0,0,0,0,0,0,0,0,0,0,0,0,0,0,0,0,0,0,0,0,0,0,0,0,0,0,0,0,0,0,0,0,0,0,0,0
"    oil, olive",0.116,Tablespoon,1.57,13.84,13.84,1.95,0,0,0,0,0,0,0,0,1.57,0.22,1.14,0.16,0,0,0,0,0,0,0,0,0,0,0,0,0,0,0,0,0,0,0.22,0,0,0.94,0,0.02,0,0,0,0,0.01,0,0,0,0,0.02,0,0.03,0,0.01,0.15,0,0,0
"        cashews, raw, whole",0.43252,Ounce-weight,12.26,70.07,47.3,7.88,2.19,3.5,0.44,0,0.88,0,0,2.19,5.26,0.88,3.07,0.88,0,0,0,0,0,0,0,0,0,0,0,0,0,0,0,0,0,0,0,0,0,0,0,8.76,0,0,0,0,0.79,0,0,0,0,0,0,2.19,0,0,0,0,0,0
"        water, tap",0.03932,Cup,9.31,0,0,0,0,0,0,0,0,0,0,0,0,0,0,0,0,0,9.3,0,0,0,0,0,0,0,0,0,0,0,0,0,0,0,0,0,0,0,0,0.28,0,0,0.01,0,0,0.09,0,0,0,0,0,0.37,0,0,0,0,0,0
    Euphebe Organic Vegetable Stock,11.296,Fluid ounce,320,27.04,0,0,1.34,5.41,1.34,0,4.06,0,0,0,0,0,0,0,0,0,0,0,0,0,0,0,0,0,0,0,0,0,0,0,0,0,0,0,0,0,0,0,0,0,0,0,0,0,0,0,0,0,0,0,0,0,0,0,0,0
"    vinegar, apple cider, 50 grain, food service",0.032,Fluid ounce,0.96,0,0,0,0,0,0,0,0,0,0,0,0,0,0,0,0,0,0,0,0,0,0,0,0,0,0,0,0,0,0,0,0,0,0,0,0,0,0,0,0,0,0,0,0,0,0,0,0,0,0,0,0,0,0,0,0,0
"    kale, baby, Power Up Greens",0.024,Pound,10.89,3.2,0.58,0.58,0.38,0.38,0.38,0,0,0,0,0,0.06,0.06,0,0,0,0,0,448.26,22.41,44.83,0,0,0,0,0,0,0,0,0,2.69,0,0,0,7.68,0,16.39,0,38.42,0,0,0,0,0.14,0,0.09,0,0,53.79,0,6.4,0,0,0,0,0,0
    sea salt,0.047,ounce-weight,1.33,,,,,,,,,,,,,,,,,,,,,,,,,,,,,,,,,,,,,,,,,,,,,,,,,,,515.21,,,,,,
Total,1,Serving,537.75,246.03,68.94,11.77,9.36,35.95,8.92,1.03,8.64,1.15,0.29,12.94,7.69,1.31,4.3,1.31,0,0,140.78,479.71,23.99,47.97,0,18.66,0.18,0.11,1.13,1.73,0.29,0,0,13.78,0,0,0.73,73.83,66.15,72.12,0.58,148.26,0.05,0.19,0.01,0,3.19,54.88,0.59,6.55,216.89,692.53,2.78,663.1,0.86,0.05,0.39,0,0,12.35
,,,,,,,,,,,,,,,,,,,,,,,,,,,,,,,,,,,,,,,,,,,,,,,,,,,,,,,,,,,,
Rosemary Oat Crumble,1,Serving,47.7,153.26,89.37,11.72,3.28,14.03,3.06,0.3,0,0,0,10.93,10.06,1.3,5.41,1.52,0,0,18.42,7.25,0.36,0.73,0,0,0.09,0,0,0,0,0,0,0.1,0,0,1.03,0.52,0.52,4.33,0,22.76,0,0,0.01,0,1.2,0.56,0,0,0.12,63.71,0.01,101.14,0.01,0.78,0.7,0,0,0.02
"    oat flour, whole grain",0.625,Ounce-weight,17.72,70.87,15.95,2.66,2.36,12.4,1.77,0,0,0,0,10.63,1.77,0.3,0,0,0,0,0,0,0,0,0,0,0.09,0,0,0,0,0,0,0,0,0,0,0,0,0,0,11.81,0,0,0,0,0.85,0,0,0,0,62.01,0,0,0,0,0,0,0,0
"    flax seed meal, ground, organic",0.138889,Ounce-weight,3.94,18.17,9.54,0,0.91,1.51,1.21,0.3,0,0,0,0.3,1.06,0,0.15,0.76,0,0,0,1.93,0.1,0.19,0,0,0,0,0,0,0,0,0,0,0,0,0,0,0,0,0,8.15,0,0,0,0,0.26,0,0,0,0,0,0,1.51,0,0.73,0,0,0,0
"    rosemary, dried",0.047222,Tablespoon,0.17,0.56,0.23,0.11,0.01,0.11,0.07,0,0,0,0,0,0.03,0.01,0.01,0,0,0,0.02,5.32,0.27,0.53,0,0,0,0,0,0,0,0,0,0.1,0,0,0,0.52,0.52,0,0,2.18,0,0,0,0,0.05,0.37,0,0,0.12,1.62,0.01,0.09,0.01,0,0,0,0,0
"    water, tap",0.019444,Quart,18.42,0,0,0,0,0,0,0,0,0,0,0,0,0,0,0,0,0,18.4,0,0,0,0,0,0,0,0,0,0,0,0,0,0,0,0,0,0,0,0,0.55,0,0,0.01,0,0,0.18,0,0,0,0,0,0.74,0,0,0,0,0,0
"    oil, olive",0.008333,Quart,7.2,63.65,63.65,8.95,0,0,0,0,0,0,0,0,7.2,0.99,5.25,0.76,0,0,0,0,0,0,0,0,0,0,0,0,0,0,0,0,0,0,1.03,0,0,4.33,0,0.07,0,0,0,0,0.04,0,0,0,0,0.07,0,0.14,0,0.05,0.7,0,0,0.02
    sea salt,0.009,ounce-weight,0.26,,,,,,,,,,,,,,,,,,,,,,,,,,,,,,,,,,,,,,,,,,,,,,,,,,,98.66,,,,,,
Total,1,Serving,47.7,153.26,89.37,11.72,3.28,14.03,3.06,0.3,0,0,0,10.93,10.06,1.3,5.41,1.52,0,0,18.42,7.25,0.36,0.73,0,0,0.09,0,0,0,0,0,0,0.1,0,0,1.03,0.52,0.52,4.33,0,22.76,0,0,0.01,0,1.2,0.56,0,0,0.12,63.71,0.01,101.14,0.01,0.78,0.7,0,0,0.02
,,,,,,,,,,,,,,,,,,,,,,,,,,,,,,,,,,,,,,,,,,,,,,,,,,,,,,,,,,,,
Thai Coconut Green Curry,1,Serving,368.65,358.77,197.98,141.21,15.27,28.02,6.62,0.61,6.86,1.66,0.96,6.54,22,15.69,1.72,3.07,0,0,276.83,9998.59,499.93,999.86,0,4404.46,0.12,0.13,1.54,2.38,0.28,0,1.57,81.01,0,0,0.8,96.46,96.46,284.3,0.58,259.1,0,0.81,0,0.79,5.58,71.6,1.05,6.26,153.98,691.55,1.56,763.56,0.91,0.1,0.27,0,0,15.67
"    oil, coconut",0.072,Fluid ounce,1.96,17.47,17.46,14.54,0,0,0,0,0,0,0,0,1.94,1.62,0.12,0.03,0,0,0,0,0,0,0,0,0,0,0,0,0,0,0,0,0,0,0,0,0,0.01,0,0.02,0,0,0,0,0,0,0,0,0,0,0,0,0,0,0.03,0,0,0.01
"    onion, white, fresh, chopped",1.396,Ounce-weight,39.58,15.83,0.36,0.15,0.44,3.7,0.67,0,1.68,1.29,0.39,1.35,0.04,0.02,0.01,0.01,0,0,35.27,0.79,0.04,0.08,0,0.4,0.02,0.01,0.05,0.14,0.05,0,1.39,2.93,0,0,0.01,7.52,7.52,0.16,0.05,9.1,0,0.02,0,0.79,0.08,3.96,0.05,1.98,11.48,57.78,0.2,1.58,0.07,0,0.01,0,0,2.41
"    ginger root, fresh, 1"" sliced",0.056,Ounce-weight,1.59,1.27,0.11,0.03,0.03,0.28,0.03,0,0.03,0,0,0.22,0.01,0,0,0,0,0,1.25,0,0,0,0,0,0,0,0.01,0.02,0,0,0,0.08,0,0,0,0.17,0.17,0,0,0.25,0,0,0,0,0.01,0.68,0,0,0.54,6.59,0.01,0.21,0.01,0,0,0,0,0.46
"    garlic, minced",0.084,Ounce-weight,2.38,7.14,2.14,0,0,0,0,0,0,0,0,0,0.24,0,0,0,0,0,1.63,0,0,0,0,0,0,0,0,0,0,0,0,0,0,0,0,0,0,0,0,0,0,0,0,0,0,0,0,0,0,0,0,0,0,0,0,0,0,0
"    carrots, fresh",0.924,Ounce-weight,26.19,10.07,0,0,0.34,2.35,0.67,0,1.68,0,0,0,0,0,0,0,0,0,23.25,1847.08,92.35,184.71,0,0,0,0,0,0,0,0,0,2.01,0,0,0,0,0,0,0,6.72,0,0,0,0,0.12,0,0,0,0,83.96,0,20.15,0,0,0,0,0,0
"    peas, snow, fresh",0.688,Ounce-weight,19.5,8.03,0,0,0.46,1.38,0.46,0,0.69,0,0,0.23,0,0,0,0,0,0,0,22.95,1.15,2.29,0,13.3,0,0,0,0,0,0,0,4.13,0,0,0,0,0,0,0,9.18,0,0,0,0,0.41,0,0,0,0,0,0,0,0,0,0,0,0,0
"    broccoli florets, fresh",0.888,Ounce-weight,25.17,7.05,0.79,0.12,0.75,1.27,0.58,0.06,0.37,0,0,0.32,0.09,0.01,0.01,0.04,0,0,22.83,755.23,37.76,75.52,0,0,0.02,0.03,0.16,0.28,0.04,0,0,23.46,0,0,0,17.87,17.87,0,0.13,12.08,0,0.01,0,0,0.22,6.29,0.06,1.26,16.62,81.82,0.76,6.8,0.1,0.03,0.01,0,0,0
"    coconut milk, canned",0.306,Cup,69.16,136.24,132.76,117.73,1.4,1.94,0,0,0,0,0,0,14.75,13.08,0.63,0.16,0,0,50.4,0,0,0,0,0,0.02,0,0.44,0.69,0.02,0,0,0.69,0,0,0,9.68,9.68,0,0.11,12.45,0,0.15,0,0,2.28,31.81,0.53,0,66.39,152.14,0,8.99,0.39,0,0.16,0,0,5.88
"    water, generic",0.888,Fluid ounce,26.31,0,0,0,0,0,0,0,0,0,0,0,0,0,0,0,0,0,26.3,0,0,0,0,0,0,0,0,0,0,0,0,0,0,0,0,0,0,0,0,2.63,0,0,0,0,0,0.53,0,0,0,0,0,0.53,0,0,0,0,0,0
"    kale, fresh, chopped",1.332,Ounce-weight,37.76,18.5,3.16,0.31,1.62,3.3,1.36,0.54,0.85,0,0,1.09,0.35,0.03,0.02,0.13,0,0,31.73,3772.38,188.62,377.24,0,2238.13,0.04,0.05,0.38,0.38,0.1,0,0.19,45.31,0,0,0.58,53.24,53.24,266.14,0.03,56.64,0,0.57,0,0,0.56,17.75,0.25,1.89,34.74,185.41,0.34,14.35,0.21,0.07,0.05,0,0,0.3
"    vinegar, brown rice, organic",0.056,Fluid ounce,1.68,0,0,0,0,0,0,0,0,0,0,0,0,0,0,0,0,0,0,0,0,0,0,0,0,0,0,0,0,0,0,0,0,0,0,0,0,0,0,0,0,0,0,0,0,0,0,0,0,0,0,0,0,0,0,0,0,0
"    soy sauce, tamari",0.028,Cup,8.06,4.84,0.07,0.01,0.85,0.45,0.06,0,0.14,0,0,0.25,0.01,0,0,0,0,0,5.32,0,0,0,0,0,0,0.01,0.32,0.56,0.02,0,0,0,0,0,0,1.45,1.45,0,0.03,1.61,0,0.01,0,0,0.19,3.23,0.04,0,10.48,17.1,0.06,450.45,0.03,0,0,0,0,3.1
"    tofu, super firm, Nasoya, cubed",2.532,Ounce-weight,71.78,84.7,40.7,8.27,8.9,2.01,1.44,0,0.43,0,0,0.14,4.52,0.92,0.92,2.69,0,0,55.27,0,0,0,0,0,0,0,0,0,0,0,0,0,0,0,0,0,0,0,0,134.95,0,0,0,0,1.44,0,0,0,0,0,0,4.31,0,0,0,0,0,0
    arrowroot flour,0.252,Ounce-weight,7.14,25.5,0.06,0.01,0.02,6.3,0.24,0,0,0,0,0,0.01,0,0,0,0,0,0.81,0,0,0,0,0,0,0,0,0,0,0,0,0,0,0,0,0.5,0.5,0,0.01,2.86,0,0,0,0,0.02,0.21,0.03,0,0.36,0.79,0,0.14,0.01,0,0,0,0,0
"    cilantro, fresh, leaves",0.2,Ounce-weight,5.67,1.3,0.27,0.01,0.12,0.21,0.16,0,0.05,0,0,0,0.03,0,0.02,0,0,0,5.23,382.61,19.13,38.26,0,222.83,0,0.01,0.06,0.06,0.01,0,0,1.53,0,0,0.14,3.52,3.52,17.58,0.03,3.8,0,0.01,0,0,0.1,1.47,0.02,0,2.72,29.54,0.05,2.61,0.03,0,0,0,0,0.73
"    curry paste, green",0.05552,Ounce-weight,1.57,1.31,0,0,0,0.26,0.26,0,0,0,0,0,0,0,0,0,0,0,0,0,0,0,0,0,0,0,0,0,0,0,0,0.31,0,0,0,0,0,0,0,0,0,0,0,0,0,0,0,0,0,0,0,65.58,0,0,0,0,0,0
"    sweet potatoes, fresh, cubes",0.8,Ounce-weight,22.68,19.5,0.1,0.04,0.36,4.56,0.68,0,0.95,0.38,0.57,2.93,0.01,0,0,0,0,0,17.53,3217.56,160.88,321.76,0,1929.81,0.02,0.01,0.13,0.24,0.05,0,0,0.54,0,0,0.06,2.49,2.49,0.41,0.18,6.8,0,0.03,0,0,0.14,5.67,0.06,1.13,10.66,76.43,0.14,12.47,0.07,0,0,0,0,2.79
"    sea salt, california",0.016,Ounce-weight,0.45,0,0,0,0,0,0,0,0,0,0,0,0,0,0,0,0,0,0,0,0,0,0,0,0,0,0,0,0,0,0,0,0,0,0,0,0,0,0,0,0,0,0,0,0,0,0,0,0,0,0,175.39,0,0,0,0,0,0
Total,1,Serving,368.65,358.77,197.98,141.21,15.27,28.02,6.62,0.61,6.86,1.66,0.96,6.54,22,15.69,1.72,3.07,0,0,276.83,9998.59,499.93,999.86,0,4404.46,0.12,0.13,1.54,2.38,0.28,0,1.57,81.01,0,0,0.8,96.46,96.46,284.3,0.58,259.1,0,0.81,0,0.79,5.58,71.6,1.05,6.26,153.98,691.55,1.56,763.56,0.91,0.1,0.27,0,0,15.67
,,,,,,,,,,,,,,,,,,,,,,,,,,,,,,,,,,,,,,,,,,,,,,,,,,,,,,,,,,,,
Lemongrass Rice,1,Serving,75.87,224.23,17.58,3.25,4.61,46.59,2.2,0.22,0.4,0,0.4,43.99,1.95,0.36,0.64,0.61,0,0,21.84,0,0,0,0,0,0.33,0.06,3.96,4.94,0.29,0,0.63,0.01,0,0,0.37,14.04,14.04,0.37,0.65,6.03,0.24,0.19,0.01,0,0.8,70.96,1.74,0,189.87,153.82,10.44,3.64,1.3,0.02,0.59,0,0,13.13
"    rice, brown, dry, long grain",0.33,Cup,61.05,224.05,17.58,3.25,4.6,46.55,2.2,0.22,0.4,0,0.4,43.95,1.95,0.36,0.64,0.61,0,0,7.2,0,0,0,0,0,0.33,0.06,3.96,4.94,0.29,0,0.63,0,0,0,0.37,14.04,14.04,0.37,0.65,5.49,0.24,0.18,0,0,0.79,70.82,1.74,0,189.87,152.62,10.44,3.05,1.3,0.02,0.59,0,0,13.13
"    lemongrass, fresh, chopped",0.0025,Cup,0.17,0.18,0,0,0.01,0.04,0,0,0,0,0,0.04,0,0,0,0,0,0,0,0,0,0,0,0,0,0,0,0,0,0,0,0.01,0,0,0,0,0,0,0,0.1,0,0,0,0,0.01,0,0,0,0,1.2,0,0,0,0,0,0,0,0
"    water, tap",0.495,Fluid ounce,14.65,0,0,0,0,0,0,0,0,0,0,0,0,0,0,0,0,0,14.64,0,0,0,0,0,0,0,0,0,0,0,0,0,0,0,0,0,0,0,0,0.44,0,0,0.01,0,0,0.15,0,0,0,0,0,0.59,0,0,0,0,0,0
Total,1,Serving,75.87,224.23,17.58,3.25,4.61,46.59,2.2,0.22,0.4,0,0.4,43.99,1.95,0.36,0.64,0.61,0,0,21.84,0,0,0,0,0,0.33,0.06,3.96,4.94,0.29,0,0.63,0.01,0,0,0.37,14.04,14.04,0.37,0.65,6.03,0.24,0.19,0.01,0,0.8,70.96,1.74,0,189.87,153.82,10.44,3.64,1.3,0.02,0.59,0,0,13.13
,,,,,,,,,,,,,,,,,,,,,,,,,,,,,,,,,,,,,,,,,,,,,,,,,,,,,,,,,,,,
Chickpea Caesar Salad,1,Serving,275.6,351.49,116.03,15.41,18.25,43.77,11.48,4.05,9.29,1.45,0.26,22.95,13.01,1.71,6.41,3.93,0,0,191.27,4568.79,228.53,456.88,0,2698.39,0.34,0.21,1.75,3.35,0.48,0,0.27,105.49,0,0,3.14,327.13,327.13,402.6,1.11,176.76,0.09,0.98,0.01,0,4.36,77.66,8.54,7.23,207.76,880.93,2.42,721.26,1.83,0.23,1.78,0,0,48.23
"    chickpeas, dry",1.275,Ounce-weight,36.15,136.63,19.65,1.96,7.4,22.75,4.41,1.59,3.87,0,0,14.48,2.18,0.22,0.5,0.99,0,0,2.78,24.22,1.21,2.42,0,14.46,0.17,0.08,0.56,1.76,0.19,0,0,1.45,0,0,0.3,201.33,201.33,3.25,0.57,20.6,0,0.24,0,0,1.56,28.56,7.7,0,91.09,259.53,0,8.67,1,0.04,0.95,0,0,35.89
"    parsnips, fresh, sliced",1.82,Ounce-weight,51.6,38.7,1.39,0.23,0.62,9.28,2.53,0.77,2.48,0,0,4.28,0.15,0.03,0.06,0.02,0,0,41.03,0,0,0,0,0,0.05,0.03,0.36,0.36,0.05,0,0.05,8.77,0,0,0.77,34.57,34.57,11.61,0.31,18.57,0,0.06,0,0,0.3,14.96,0.29,2.58,36.63,193.49,0.93,5.16,0.3,0,0.02,0,0,0
"    kale, fresh, chopped",1.455,Ounce-weight,41.25,20.21,3.45,0.34,1.77,3.61,1.48,0.59,0.93,0,0,1.19,0.38,0.04,0.02,0.14,0,0,34.67,4120.73,206.04,412.07,0,2444.8,0.05,0.05,0.41,0.41,0.11,0,0.21,49.5,0,0,0.64,58.16,58.16,290.72,0.04,61.87,0,0.62,0,0,0.61,19.39,0.27,2.06,37.95,202.53,0.37,15.67,0.23,0.07,0.06,0,0,0.33
"    brussels sprouts, fresh",1.82,Ounce-weight,51.6,22.19,1.39,0.29,1.74,4.62,1.96,1.03,1.14,0.9,0.24,1.52,0.15,0.03,0.01,0.08,0,0,44.37,389.03,19.45,38.9,0,232.18,0.07,0.05,0.38,0.7,0.11,0,0,43.86,0,0,0.45,31.47,31.47,91.33,0.16,21.67,0,0.04,0,0,0.72,11.87,0.17,2.58,35.6,200.71,0.83,12.9,0.22,0.05,0.02,0,0,9.85
"    garlic cloves, fresh",0.025,Ounce-weight,0.71,1.06,0.03,0.01,0.05,0.23,0.01,0,0.01,0,0,0.21,0,0,0,0,0,0,0.42,0.06,0,0.01,0,0.04,0,0,0,0.01,0.01,0,0,0.22,0,0,0,0.02,0.02,0.01,0,1.28,0,0,0,0,0.01,0.18,0.01,0,1.08,2.84,0.1,0.12,0.01,0,0,0,0,0.16
    miso,0.135,Tablespoon,2.32,4.59,1.26,0.21,0.3,0.59,0.13,0.06,0.14,0.14,0,0.32,0.14,0.02,0.03,0.07,0,0,1,2.02,0.1,0.2,0,1.21,0,0.01,0.02,0.08,0,0,0,0,0,0,0,0.44,0.44,0.68,0.01,1.32,0,0.01,0,0,0.06,1.11,0.02,0,3.69,4.87,0.16,86.5,0.06,0.01,0.06,0,0,1.68
"    lemon juice, fresh",0.14,Fluid ounce,4.27,0.94,0.09,0.02,0.01,0.29,0.01,0.01,0.11,0.09,0.02,0.17,0.01,0,0,0,0,0,3.94,0.26,0.01,0.03,0,0.04,0,0,0,0,0,0,0.01,1.65,0,0,0.01,0.85,0.85,0,0.01,0.26,0,0,0,0,0,0.26,0,0,0.34,4.4,0,0.04,0,0,0,0,0,0.22
"    vinegar, balsamic",0.135,Tablespoon,2.16,1.9,0,0,0.01,0.37,0,0,0.32,0.32,0,0,0,0,0,0,0,0,1.65,0,0,0,0,0,0,0,0,0,0,0,0,0,0,0,0,0,0,0,0,0.58,0,0,0,0,0.02,0.26,0,0,0.41,2.42,0,0.5,0,0,0,0,0,0
"    mustard, dijon",0.135,Tablespoon,2.03,2.03,0,0,0,0,0,0,0,0,0,0,0,0,0,0,0,0,0,0,0,0,0,0,0,0,0,0,0,0,0,0,0,0,0,0,0,0,0,0,0,0,0,0,0,0,0,0,0,0,0,48.6,0,0,0,0,0,0
"    plum paste, pickled, umeboshi",0.07,Tablespoon,1.26,1.05,0,0,0,0,0,0,0,0,0,0,0,0,0,0,0,0,0,0,0,0,0,0,0,0,0,0,0,0,0,0,0,0,0,0,0,0,0,0,0,0,0,0,0,0,0,0,0,2.1,0,71.4,0,0,0,0,0,0
"    tofu, extra firm, Nasoya",2.18,Ounce-weight,61.8,60.57,28.92,3.89,6.24,1.61,0.8,0,0.25,0,0,0.56,3.21,0.43,0.87,1.92,0,0,50,22.87,1.24,2.29,0,0,0,0,0,0,0,0,0,0,0,0,0,0,0,0,0,47.59,0,0,0,0,0.99,0,0,0,0,0,0,2.47,0,0,0,0,0,0
"    oil, olive",0.25,Fluid ounce,6.75,59.67,59.67,8.39,0,0,0,0,0,0,0,0,6.75,0.93,4.92,0.71,0,0,0,0,0,0,0,0,0,0,0,0,0,0,0,0,0,0,0.97,0,0,4.06,0,0.07,0,0,0,0,0.04,0,0,0,0,0.07,0,0.13,0,0.05,0.66,0,0,0.02
"    seaweed, nori, fresh",0.025,Tablespoon,0.13,0.04,0,0,0.01,0.01,0,0,0,0,0,0.01,0,0,0,0,0,0,0.11,6.5,0.33,0.65,0,3.9,0,0,0,0,0,0,0,0.05,0,0,0,0.18,0.18,0,0,0.09,0,0,0,0,0,0,0,0.01,0.07,0.45,0,0.06,0,0,0,0,0,0.01
"    black pepper, ground",0.02,Ounce-weight,0.57,1.42,0.17,0.07,0.06,0.36,0.14,0,0,0,0,0.22,0.02,0.01,0,0.01,0,0,0.07,3.1,0.16,0.31,0,1.76,0,0,0.01,0.01,0,0,0,0,0,0,0.01,0.1,0.1,0.93,0.01,2.51,0.09,0.01,0,0,0.06,0.97,0.07,0,0.9,7.54,0.03,0.11,0.01,0,0,0,0,0.06
"    water, tap",0.02,Fluid ounce,0.59,0,0,0,0,0,0,0,0,0,0,0,0,0,0,0,0,0,0.59,0,0,0,0,0,0,0,0,0,0,0,0,0,0,0,0,0,0,0,0,0.02,0,0,0,0,0,0.01,0,0,0,0,0,0.02,0,0,0,0,0,0
    Wan Ja Shan Organic Gluten Free Soy Sauce,0.045,Tablespoon,0.68,0.5,0,0,0.05,0.05,0,0,0.05,0,0,0,0,0,0,0,0,0,0,0,0,0,0,0,0,0,0,0,0,0,0,0,0,0,0,0,0,0,0,0,0,0,0,0,0,0,0,0,0,0,0,40.95,0,0,0,0,0,0
"    water, tap",0.36,Fluid ounce,10.66,0,0,0,0,0,0,0,0,0,0,0,0,0,0,0,0,0,10.65,0,0,0,0,0,0,0,0,0,0,0,0,0,0,0,0,0,0,0,0,0.32,0,0,0.01,0,0,0.11,0,0,0,0,0,0.43,0,0,0,0,0,0
    sea salt,0.039,ounce-weight,1.11,,,,,,,,,,,,,,,,,,,,,,,,,,,,,,,,,,,,,,,,,,,,,,,,,,,427.51,,,,,,
Total,1,Serving,275.6,351.49,116.03,15.41,18.25,43.77,11.48,4.05,9.29,1.45,0.26,22.95,13.01,1.71,6.41,3.93,0,0,191.27,4568.79,228.53,456.88,0,2698.39,0.34,0.21,1.75,3.35,0.48,0,0.27,105.49,0,0,3.14,327.13,327.13,402.6,1.11,176.76,0.09,0.98,0.01,0,4.36,77.66,8.54,7.23,207.76,880.93,2.42,721.26,1.83,0.23,1.78,0,0,48.23
,,,,,,,,,,,,,,,,,,,,,,,,,,,,,,,,,,,,,,,,,,,,,,,,,,,,,,,,,,,,
Garlic Croutons,1,Serving,25.66,75.42,32.15,2.89,2.86,9.73,2.24,0,0.02,0.01,0,7.48,3.61,0.32,1.65,0.24,0,0,0.05,5.78,0.29,0.58,0,3.27,0.17,0.14,0.66,0.68,0.09,0.24,0.19,0.01,0,0,0.39,1.32,1.32,6.87,0.01,9.22,0,0.01,0,0,1.05,2.68,0.04,0,3.06,80.32,0.03,44.02,0.05,0.02,0.22,0,0,0.26
"    bread, sprouted whole grain & seed, Ezekiel 4:9",0.666667,Slice,22.67,53.33,12,0,2.67,9.33,2,0,0,0,0,7.33,1.33,0,0,0,0,0,0,0,0,0,0,0,0,0,0,0,0,0,0,0,0,0,0,0,0,0,0,0,0,0,0,0,0.72,0,0,0,0,66.67,0,43.33,0,0,0,0,0,0
    garlic powder,0.020833,Teaspoon,0.06,0.21,0,0,0.01,0.05,0.01,0,0,0,0,0.04,0,0,0,0,0,0,0,0,0,0,0,0,0,0,0,0,0,0,0,0,0,0,0,0.03,0.03,0,0,0.05,0,0,0,0,0,0.05,0,0,0.27,0.77,0.02,0.04,0,0,0,0,0,0.04
    nutritional yeast,0.166667,Teaspoon,0.21,0.8,0.08,0.01,0.11,0.08,0.04,0,0,0,0,0.03,0.01,0,0.01,0,0,0,0,0,0,0,0,0,0.16,0.14,0.64,0.64,0.08,0.24,0.19,0,0,0,0,0,0,0,0,0.08,0,0,0,0,0.01,0.31,0,0,1.8,3.67,0,0.36,0.03,0,0,0,0,0
"    oil, olive",0.166667,Tablespoon,2.25,19.89,19.89,2.8,0,0,0,0,0,0,0,0,2.25,0.31,1.64,0.24,0,0,0,0,0,0,0,0,0,0,0,0,0,0,0,0,0,0,0.32,0,0,1.35,0,0.02,0,0,0,0,0.01,0,0,0,0,0.02,0,0.04,0,0.02,0.22,0,0,0.01
"    basil, dried, leaves",0.008333,Ounce-weight,0.24,0.55,0.09,0.05,0.05,0.11,0.09,0,0,0,0,0.02,0.01,0.01,0,0,0,0,0.02,1.76,0.09,0.18,0,0.89,0,0,0.01,0.02,0,0,0,0,0,0,0.03,0.73,0.73,4.05,0,5.29,0,0,0,0,0.21,1.68,0.02,0,0.65,6.21,0.01,0.18,0.02,0,0,0,0,0.13
"    oregano, dried, leaves",0.008333,Ounce-weight,0.24,0.63,0.09,0.03,0.02,0.16,0.1,0,0.01,0.01,0,0.05,0.01,0,0,0,0,0,0.02,4.02,0.2,0.4,0,2.38,0,0,0.01,0.02,0,0,0,0.01,0,0,0.04,0.56,0.56,1.47,0,3.77,0,0,0,0,0.09,0.64,0.01,0,0.35,2.98,0.01,0.06,0.01,0,0,0,0,0.08
Total,1,Serving,25.66,75.42,32.15,2.89,2.86,9.73,2.24,0,0.02,0.01,0,7.48,3.61,0.32,1.65,0.24,0,0,0.05,5.78,0.29,0.58,0,3.27,0.17,0.14,0.66,0.68,0.09,0.24,0.19,0.01,0,0,0.39,1.32,1.32,6.87,0.01,9.22,0,0.01,0,0,1.05,2.68,0.04,0,3.06,80.32,0.03,44.02,0.05,0.02,0.22,0,0,0.26
,,,,,,,,,,,,,,,,,,,,,,,,,,,,,,,,,,,,,,,,,,,,,,,,,,,,,,,,,,,,
Marcella Inspired Bolognese,1,Serving,255.51,299.83,154.6,27.54,14.03,20.4,3.48,0,8.63,3.54,0.16,5.09,17.26,3.06,9.3,3.65,0,0,195.65,1252.26,62.61,125.23,0,91.16,0.11,0.26,2.52,4.18,0.24,0.05,0.53,12.06,0.4,0.01,1.58,25.79,25.79,7.26,0.55,100.56,0.06,0.44,0.06,0.3,3.68,54.28,0.79,0.75,160.04,563.65,4.02,765.6,0.88,0.15,2.26,2.97,0,12.94
"    oil, olive",0.18,Fluid ounce,4.86,42.96,42.96,6.04,0,0,0,0,0,0,0,0,4.86,0.67,3.55,0.51,0,0,0,0,0,0,0,0,0,0,0,0,0,0,0,0,0,0,0.7,0,0,2.93,0,0.05,0,0,0,0,0.03,0,0,0,0,0.05,0,0.1,0,0.04,0.47,0,0,0.01
"    onion, yellow, fresh, chopped",0.5325,Ounce-weight,15.1,6.04,0.14,0.06,0.17,1.41,0.26,0,0.64,0.49,0.15,0.51,0.02,0.01,0,0,0,0,13.45,0.3,0.02,0.03,0,0.15,0.01,0,0.02,0.05,0.02,0,0.53,1.12,0,0,0,2.87,2.87,0.06,0.02,3.47,0,0.01,0,0.3,0.03,1.51,0.02,0.75,4.38,22.04,0.08,0.6,0.03,0,0,0,0,0.92
"    garlic, minced",0.0375,Ounce-weight,1.06,3.19,0.96,0,0,0,0,0,0,0,0,0,0.11,0,0,0,0,0,0.73,0,0,0,0,0,0,0,0,0,0,0,0,0,0,0,0,0,0,0,0,0,0,0,0,0,0,0,0,0,0,0,0,0,0,0,0,0,0,0
"    celery, fresh, stalk",0.4275,Ounce-weight,12.12,1.65,0,0,0,0.44,0.22,0,0.22,0,0,0,0,0,0,0,0,0,11.59,55.09,2.75,5.51,0,0,0,0,0,0,0,0,0,0.99,0,0,0,0,0,0,0,4.41,0,0,0,0,0.04,0,0,0,0,28.65,0,12.67,0,0,0,0,0,0
"    carrots, fresh",0.4125,Ounce-weight,11.69,4.5,0,0,0.15,1.05,0.3,0,0.75,0,0,0,0,0,0,0,0,0,10.38,824.59,41.23,82.46,0,0,0,0,0,0,0,0,0,0.9,0,0,0,0,0,0,0,3,0,0,0,0,0.05,0,0,0,0,37.48,0,9,0,0,0,0,0,0
    tempeh,1.4775,Ounce-weight,41.89,80.42,40.71,9.57,8.5,3.2,0,0,0,0,0,0,4.52,1.06,1.34,1.8,0,0,24.99,0,0,0,0,0,0.03,0.15,1.11,2.46,0.09,0.03,0,0,0,0,0,10.05,10.05,0,0.12,46.49,0,0.23,0,0,1.13,33.93,0.54,0,111.42,172.57,0,3.77,0.48,0.1,1.7,0,0,0
"    mushrooms, crimini, fresh",0.4725,Ounce-weight,13.4,2.95,0.12,0.02,0.33,0.58,0.08,0,0.23,0,0,0.27,0.01,0,0,0.01,0,0,12.34,0,0,0,0,0,0.01,0.07,0.51,0.63,0.01,0.01,0,0,0.4,0.01,0,3.35,3.35,0,0.2,2.41,0,0.07,0,0,0.05,1.21,0.02,0,16.07,60.01,3.48,0.8,0.15,0,0.01,0,0,2.96
"    black pepper, ground",0.0125,Ounce-weight,0.35,0.89,0.1,0.04,0.04,0.23,0.09,0,0,0,0,0.13,0.01,0,0,0,0,0,0.04,1.94,0.1,0.19,0,1.1,0,0,0,0.01,0,0,0,0,0,0,0,0.06,0.06,0.58,0,1.57,0.06,0,0,0,0.03,0.61,0.05,0,0.56,4.71,0.02,0.07,0,0,0,0,0,0.04
"    nutmeg, ground",0.005,Ounce-weight,0.14,0.74,0.46,0.33,0.01,0.07,0.03,0,0,0,0,0.04,0.05,0.04,0,0,0,0,0.01,0.14,0.01,0.01,0,0.04,0,0,0,0,0,0,0,0,0,0,0,0.11,0.11,0,0,0.26,0,0,0,0,0,0.26,0,0,0.3,0.5,0,0.02,0,0,0,0,0,0.01
"    tomatoes, crushed, canned",2.4575,Ounce-weight,69.67,22.29,1.76,0.25,1.14,5.08,1.32,0,3.07,3.04,0.01,0.69,0.2,0.03,0.03,0.08,0,0,62.31,149.79,7.49,14.98,0,89.87,0.05,0.04,0.85,0.99,0.1,0,0,6.41,0,0,0.87,9.06,9.06,3.69,0.19,23.69,0,0.13,0,0,0.91,13.93,0.13,0,22.29,204.13,0.42,129.58,0.19,0,0.08,0,0,8.99
    tomato sauce,1.1825,Ounce-weight,33.52,10.99,0,0,0.55,2.75,0.55,0,2.2,0,0,0,0,0,0,0,0,0,30.65,219.82,10.99,21.98,0,0,0,0,0,0,0,0,0,2.64,0,0,0,0,0,0,0,0,0,0,0,0,0.2,0,0,0,0,13.74,0,54.96,0,0,0,0,0,0
"    wine, white, chardonnay",0.118125,Cup,27.78,23.34,0,0,0.02,0.6,0,0,0.27,0,0,0.33,0,0,0,0,0,0,24.13,0,0,0,0,0,0,0,0.03,0.03,0.01,0,0,0,0,0,0,0.28,0.28,0,0.01,2.5,0,0,0.06,0,0.08,2.78,0.03,0,5,19.73,0.03,1.39,0.03,0,0,2.97,0,0
"    cashews, raw, whole",0.3825,Ounce-weight,10.84,61.96,41.83,6.97,1.94,3.1,0.39,0,0.77,0,0,1.94,4.65,0.77,2.71,0.77,0,0,0,0,0,0,0,0,0,0,0,0,0,0,0,0,0,0,0,0,0,0,0,7.75,0,0,0,0,0.7,0,0,0,0,0,0,1.94,0,0,0,0,0,0
"    bay leaf, dried",0.045156,Each,0.01,0.03,0.01,0,0,0.01,0,0,0,0,0,0,0,0,0,0,0,0,0,0.58,0.03,0.06,0,0,0,0,0,0,0,0,0,0,0,0,0,0.02,0.02,0,0,0.08,0,0,0,0,0,0.01,0,0,0.01,0.05,0,0,0,0,0,0,0,0
"    cashews, raw, whole",0.23375,Ounce-weight,6.63,37.87,25.56,4.26,1.18,1.89,0.24,0,0.47,0,0,1.18,2.84,0.47,1.66,0.47,0,0,0,0,0,0,0,0,0,0,0,0,0,0,0,0,0,0,0,0,0,0,0,4.73,0,0,0,0,0.43,0,0,0,0,0,0,1.18,0,0,0,0,0,0
"    water, tap",0.02125,Cup,5.03,0,0,0,0,0,0,0,0,0,0,0,0,0,0,0,0,0,5.03,0,0,0,0,0,0,0,0,0,0,0,0,0,0,0,0,0,0,0,0,0.15,0,0,0,0,0,0.05,0,0,0,0,0,0.2,0,0,0,0,0,0
    sea salt,0.05,ounce-weight,1.417475,,,,,,,,,,,,,,,,,,,,,,,,,,,,,,,,,,,,,,,,,,,,,,,,,,,549.35,,,,,,
Total,1,Serving,255.51,299.83,154.6,27.54,14.03,20.4,3.48,0,8.63,3.54,0.16,5.09,17.26,3.06,9.3,3.65,0,0,195.65,1252.26,62.61,125.23,0,91.16,0.11,0.26,2.52,4.18,0.24,0.05,0.53,12.06,0.4,0.01,1.58,25.79,25.79,7.26,0.55,100.56,0.06,0.44,0.06,0.3,3.68,54.28,0.79,0.75,160.04,563.65,4.02,765.6,0.88,0.15,2.26,2.97,0,12.94
,,,,,,,,,,,,,,,,,,,,,,,,,,,,,,,,,,,,,,,,,,,,,,,,,,,,,,,,,,,,
Spelt Fusilli,1,Serving,56.7,210,0,0,7,42,5,0,0,0,0,0,0,0,0,0,0,0,0,0,0,0,0,0,0,0,0,0,0,0,0,0,0,0,0,0,0,0,0,0,0,0,0,0,0,0,0,0,0,0,0,0,0,0,0,0,0,0
    Spelt Fusilli,2,Ounce-weight,56.7,210,0,0,7,42,5,0,0,0,0,0,0,0,0,0,0,0,0,0,0,0,0,0,0,0,0,0,0,0,0,0,0,0,0,0,0,0,0,0,0,0,0,0,0,0,0,0,0,0,0,0,0,0,0,0,0,0
Total,1,Serving,56.7,210,0,0,7,42,5,0,0,0,0,0,0,0,0,0,0,0,0,0,0,0,0,0,0,0,0,0,0,0,0,0,0,0,0,0,0,0,0,0,0,0,0,0,0,0,0,0,0,0,0,0,0,0,0,0,0,0
,,,,,,,,,,,,,,,,,,,,,,,,,,,,,,,,,,,,,,,,,,,,,,,,,,,,,,,,,,,,
Pizza Pocket,1,Serving,502.45,463.2,122.8,22.87,26.64,64.87,10.47,0.1,16.53,5.75,0.03,5.86,13.7,2.54,5.96,3.98,0,0,209.94,1574.46,81.14,157.45,0,863.69,0.29,0.74,5.61,10.24,0.51,0.13,0,91.16,2.46,0.08,1.91,66.92,77.78,31.44,1.88,176.47,0.17,0.99,0.01,0.22,5.8,142.77,2.49,5.73,308.38,1449.56,40.6,766.16,2.72,0.22,3.05,0,0,23.32
    tempeh,0.144444,Pound,65.52,125.8,63.68,14.97,13.29,5.01,0,0,0,0,0,0,7.08,1.66,2.1,2.82,0,0,39.08,0,0,0,0,0,0.05,0.23,1.73,3.85,0.14,0.05,0,0,0,0,0,15.72,15.72,0,0.18,72.73,0,0.37,0,0,1.77,53.07,0.85,0,174.28,269.94,0,5.9,0.75,0.16,2.65,0,0,0
"    thyme, dried, leaves",0.006481,Cup,0.31,0.86,0.21,0.08,0.03,0.2,0.12,0,0.01,0,0,0.08,0.02,0.01,0,0,0,0,0.02,11.82,0.59,1.18,0,7.04,0,0,0.02,0.03,0,0,0,0.16,0,0,0.02,0.85,0.85,5.33,0,5.88,0,0,0,0,0.38,0.68,0.02,0,0.63,2.53,0.01,0.17,0.02,0,0,0,0,0.14
"    oregano, dried, leaves",0.024074,Cup,1.16,3.06,0.45,0.16,0.1,0.8,0.49,0,0.05,0.04,0.01,0.26,0.05,0.02,0.01,0.02,0,0,0.11,19.66,0.98,1.97,0,11.64,0,0.01,0.05,0.09,0.01,0,0,0.03,0,0,0.21,2.74,2.74,7.18,0.01,18.45,0,0.01,0,0,0.43,3.12,0.06,0,1.71,14.56,0.05,0.29,0.03,0.01,0.01,0,0,0.37
    paprika,0.077778,Tablespoon,0.54,1.51,0.62,0.1,0.08,0.29,0.19,0,0.06,0.05,0,0.05,0.07,0.01,0.01,0.04,0,0,0.06,264.33,13.22,26.43,0,140.4,0,0.01,0.05,0.06,0.01,0,0,0,0,0,0.16,0.26,0.26,0.43,0.01,1.23,0,0,0,0,0.11,0.96,0.01,0,1.69,12.24,0.03,0.36,0.02,0,0.04,0,0,0.28
"    garlic, minced",0.107407,Ounce-weight,3.04,9.13,2.74,0,0,0,0,0,0,0,0,0,0.3,0,0,0,0,0,2.08,0,0,0,0,0,0,0,0,0,0,0,0,0,0,0,0,0,0,0,0,0,0,0,0,0,0,0,0,0,0,0,0,0,0,0,0,0,0,0
"    black pepper, ground",0.018519,Ounce-weight,0.52,1.32,0.15,0.07,0.05,0.34,0.13,0,0,0,0,0.2,0.02,0.01,0,0.01,0,0,0.07,2.87,0.14,0.29,0,1.63,0,0,0.01,0.01,0,0,0,0,0,0,0.01,0.09,0.09,0.86,0.01,2.33,0.08,0.01,0,0,0.05,0.9,0.07,0,0.83,6.98,0.03,0.1,0.01,0,0,0,0,0.06
"    vinegar, balsamic",0.108333,Cup,27.73,24.41,0,0,0.14,4.72,0,0,4.15,4.15,0,0,0,0,0,0,0,0,21.2,0,0,0,0,0,0,0,0,0,0,0,0,0,0,0,0,0,0,0,0,7.49,0,0.01,0,0,0.2,3.33,0.04,0,5.27,31.06,0,6.38,0.02,0,0,0,0,0
"    tomato sauce, canned, unsalted",4.67037,Fluid ounce,144.78,46.7,0,0,2.34,11.68,2.34,0,7.01,0,0,2.34,0,0,0,0,0,0,0,467.04,23.35,46.7,0,273.78,0,0,0,0,0,0,0,5.6,0,0,0,0,0,0,0,0,0,0,0,0,0,0,0,0,0,396.98,0,46.7,0,0,0,0,0,0
"    mushrooms, crimini, fresh",2.88889,Ounce-weight,81.9,18.02,0.74,0.1,2.05,3.52,0.49,0,1.41,0,0,1.62,0.08,0.01,0,0.03,0,0,75.45,0,0,0,0,0,0.08,0.4,3.11,3.88,0.09,0.08,0,0,2.46,0.08,0.01,20.47,20.47,0,1.23,14.74,0,0.41,0,0,0.33,7.37,0.12,0,98.28,366.91,21.29,4.91,0.9,0,0.03,0,0,18.1
"    onion, red, fresh",1.05926,Ounce-weight,30.03,12.01,0,0,0.38,2.82,0.56,0,1.31,0,0,0.94,0,0,0,0,0,0,0,0,0,0,0,0,0,0,0,0,0,0,0,2.25,0,0,0,0,0,0,0,7.51,0,0,0,0,0.07,0,0,0,0,0,0,1.13,0,0,0,0,0,0
"    bell pepper, red, fresh, chopped",0.048148,Pound,21.84,6.77,0.59,0.05,0.22,1.32,0.44,0,0.88,0.88,0,0,0.07,0.01,0,0.02,0,0,20.14,683.8,34.19,68.38,0,354.68,0.01,0.02,0.21,0.26,0.06,0,0,27.89,0,0,0.35,10.05,10.05,1.07,0.07,1.53,0,0,0,0.22,0.09,2.62,0.02,1.09,5.68,46.08,0.02,0.87,0.05,0.01,0.01,0,0,1.22
"    bell pepper, yellow, fresh, large, 3 3/4""",0.962963,Ounce-weight,27.3,7.37,0.52,0.08,0.27,1.73,0.25,0.07,0,0,0,0,0.06,0.01,0,0,0,0,25.12,54.6,2.73,5.46,0,32.76,0.01,0.01,0.24,0.3,0.05,0,0,50.09,0,0,0,7.1,7.1,0,0.05,3,0,0.03,0,0,0.13,3.28,0.03,1.36,6.55,57.88,0.08,0.55,0.05,0,0,0,0,0
"    basil, dried, ground",0.018519,Ounce-weight,0.52,1.22,0.19,0.1,0.12,0.25,0.2,0,0.01,0.01,0,0.04,0.02,0.01,0.01,0,0,0,0.05,3.91,0.2,0.39,0,1.98,0,0.01,0.03,0.05,0.01,0,0,0,0,0,0.06,1.63,1.63,9,0,11.76,0,0.01,0,0,0.47,3.73,0.05,0,1.44,13.81,0.02,0.4,0.04,0,0,0,0,0.29
"    oregano, dried, leaves",0.018519,Ounce-weight,0.52,1.39,0.2,0.07,0.05,0.36,0.22,0,0.02,0.02,0,0.12,0.02,0.01,0,0.01,0,0,0.05,8.93,0.45,0.89,0,5.29,0,0,0.02,0.04,0.01,0,0,0.01,0,0,0.1,1.24,1.24,3.26,0,8.38,0,0,0,0,0.19,1.42,0.03,0,0.78,6.61,0.02,0.13,0.01,0,0,0,0,0.17
"    oil, olive",0.107407,Fluid ounce,2.9,25.64,25.64,3.6,0,0,0,0,0,0,0,0,2.9,0.4,2.12,0.31,0,0,0,0,0,0,0,0,0,0,0,0,0,0,0,0,0,0,0.42,0,0,1.75,0,0.03,0,0,0,0,0.02,0,0,0,0,0.03,0,0.06,0,0.02,0.28,0,0,0.01
"    black pepper, ground",0.018519,Ounce-weight,0.52,1.32,0.15,0.07,0.05,0.34,0.13,0,0,0,0,0.2,0.02,0.01,0,0.01,0,0,0.07,2.87,0.14,0.29,0,1.63,0,0,0.01,0.01,0,0,0,0,0,0,0.01,0.09,0.09,0.86,0.01,2.33,0.08,0.01,0,0,0.05,0.9,0.07,0,0.83,6.98,0.03,0.1,0.01,0,0,0,0,0.06
"    lemon juice, fresh",0.002469,Cup,0.6,0.13,0.01,0,0,0.04,0,0,0.02,0.01,0,0.02,0,0,0,0,0,0,0.56,0.04,0,0,0,0.01,0,0,0,0,0,0,0,0.23,0,0,0,0.12,0.12,0,0,0.04,0,0,0,0,0,0.04,0,0,0.05,0.62,0,0.01,0,0,0,0,0,0.03
"    zucchini, fresh, with skin",0.962963,Ounce-weight,27.3,4.64,0.79,0.21,0.33,0.85,0.24,0.03,0.61,0.59,0.01,0,0.09,0.02,0,0.02,0,0,25.88,54.6,2.73,5.46,0,32.76,0.01,0.03,0.12,0.17,0.04,0,0,4.89,0,0,0.03,6.55,6.55,1.17,0.06,4.37,0,0.01,0,0,0.1,4.91,0.05,3.28,10.37,71.25,0.05,2.18,0.09,0.02,0.01,0,0,2.59
    Alvarado Street Bakery Sprouted Whole Wheat Tortilla,62,Gram,62,169.77,26.12,3.21,6.95,30.43,4.67,0,0.82,0,0,0,2.9,0.36,1.7,0.7,0,0,0,0,2.41,0,0,0.11,0.12,0.03,0,1.5,0.08,0,0,0,0,0,0.55,0,10.86,0.51,0.25,14.68,0,0.12,0.01,0,1.41,56.45,1.08,0,0,145.11,18.96,323.34,0.73,0,0,0,0,0
    Wan Ja Shan Organic Gluten Free Soy Sauce,0.012037,Cup,2.89,2.12,0,0,0.19,0.19,0,0,0.19,0,0,0,0,0,0,0,0,0,0,0,0,0,0,0,0,0,0,0,0,0,0,0,0,0,0,0,0,0,0,0,0,0,0,0,0,0,0,0,0,0,0,175.26,0,0,0,0,0,0
    sea salt,0.018,ounce-weight,0.51,,,,,,,,,,,,,,,,,,,,,,,,,,,,,,,,,,,,,,,,,,,,,,,,,,,197.31,,,,,,
Total,1,Serving,502.45,463.2,122.8,22.87,26.64,64.87,10.47,0.1,16.53,5.75,0.03,5.86,13.7,2.54,5.96,3.98,0,0,209.94,1574.46,81.14,157.45,0,863.69,0.29,0.74,5.61,10.24,0.51,0.13,0,91.16,2.46,0.08,1.91,66.92,77.78,31.44,1.88,176.47,0.17,0.99,0.01,0.22,5.8,142.77,2.49,5.73,308.38,1449.56,40.6,766.16,2.72,0.22,3.05,0,0,23.32
,,,,,,,,,,,,,,,,,,,,,,,,,,,,,,,,,,,,,,,,,,,,,,,,,,,,,,,,,,,,
Spinach Herb Farrotto,1,Serving,586.06,396.45,92.21,13.88,14.17,58.86,8.83,0.47,7.33,1.67,0.33,42.71,10.38,1.54,6.97,1.27,0,0,73.72,1921.22,96.06,192.12,0,208.99,0.54,0.43,2.14,2.61,0.36,0.71,2.15,30.8,0,0,1.14,97.52,51.78,195.22,0.3,124.24,0.01,0.09,0.01,0.63,3.48,39.19,0.45,2.98,47.1,285.82,1.08,768.59,0.47,0.07,0.74,2.61,0,19.13
"    wheat, farro, dry",0.342857,Cup,61.71,192,0,0,8.23,41.14,4.11,0,0,0,0,37.03,0,0,0,0,0,0,0,0,0,0,0,0,0,0,0,0,0,0,0,0,0,0,0,0,0,0,0,54.86,0,0,0,0,0.99,0,0,0,0,0,0,34.29,0,0,0,0,0,0
    Euphebe Organic Vegetable Stock,0.4,Quart,362.61,30.64,0,0,1.52,6.13,1.52,0,4.61,0,0,0,0,0,0,0,0,0,0,0,0,0,0,0,0,0,0,0,0,0,0,0,0,0,0,0,0,0,0,0,0,0,0,0,0,0,0,0,0,0,0,0,0,0,0,0,0,0
"    wine, cooking, white",0.114286,Cup,27.43,18.29,0,0,0,0,0,0,0,0,0,0,0,0,0,0,0,0,0,0,0,0,0,0,0,0,0,0,0,0,0,0,0,0,0,0,0,0,0,0,0,0,0,0,0,0,0,0,0,0,0,173.71,0,0,0,2.61,0,0
"    oil, olive",0.157143,Fluid ounce,4.24,37.51,37.51,5.27,0,0,0,0,0,0,0,0,4.24,0.59,3.1,0.45,0,0,0,0,0,0,0,0,0,0,0,0,0,0,0,0,0,0,0.61,0,0,2.55,0,0.04,0,0,0,0,0.02,0,0,0,0,0.04,0,0.08,0,0.03,0.41,0,0,0.01
"    onion, yellow, fresh, chopped",1.10286,Ounce-weight,31.27,12.51,0.28,0.12,0.34,2.92,0.53,0,1.33,1.02,0.31,1.06,0.03,0.01,0,0.01,0,0,27.86,0.63,0.03,0.06,0,0.31,0.01,0.01,0.04,0.11,0.04,0,1.09,2.31,0,0,0.01,5.94,5.94,0.13,0.04,7.19,0,0.01,0,0.63,0.07,3.13,0.04,1.56,9.07,45.65,0.16,1.25,0.05,0,0,0,0,1.91
"    garlic, minced",0.034286,Ounce-weight,0.97,2.92,0.87,0,0,0,0,0,0,0,0,0,0.1,0,0,0,0,0,0.66,0,0,0,0,0,0,0,0,0,0,0,0,0,0,0,0,0,0,0,0,0,0,0,0,0,0,0,0,0,0,0,0,0,0,0,0,0,0,0
"    thyme, dried, leaves",0.005714,Ounce-weight,0.16,0.45,0.11,0.04,0.01,0.1,0.06,0,0,0,0,0.04,0.01,0,0,0,0,0,0.01,6.16,0.31,0.62,0,3.67,0,0,0.01,0.01,0,0,0,0.08,0,0,0.01,0.44,0.44,2.78,0,3.06,0,0,0,0,0.2,0.36,0.01,0,0.33,1.32,0.01,0.09,0.01,0,0,0,0,0.07
"    spinach, baby, fresh",0.857143,Ounce-weight,24.3,5.72,0,0,0.57,0.86,0.57,0,0,0,0,0.29,0,0,0,0,0,0,0,1572.33,78.62,157.23,0,0,0,0,0,0,0,0,0,6.86,0,0,0,45.74,0,116.64,0,22.87,0,0,0,0,0.77,17.15,0.23,0,0,0,0,18.58,0,0,0,0,0,0
"    parsley, fresh, sprigs",0.142857,Ounce-weight,4.05,1.46,0.29,0.05,0.12,0.26,0.13,0,0.03,0,0,0.09,0.03,0.01,0.01,0.01,0,0,3.55,341.17,17.06,34.12,0,204.68,0,0,0.05,0.08,0,0,0,5.39,0,0,0.03,6.16,6.16,66.42,0.02,5.59,0,0.01,0,0,0.25,2.02,0.01,0,2.35,22.44,0,2.27,0.04,0,0,0,0,0.52
"    oil, olive",0.114286,Fluid ounce,3.09,27.28,27.28,3.83,0,0,0,0,0,0,0,0,3.09,0.43,2.25,0.32,0,0,0,0,0,0,0,0,0,0,0,0,0,0,0,0,0,0,0.44,0,0,1.86,0,0.03,0,0,0,0,0.02,0,0,0,0,0.03,0,0.06,0,0.02,0.3,0,0,0.01
"    water, tap",0.171429,Fluid ounce,5.07,0,0,0,0,0,0,0,0,0,0,0,0,0,0,0,0,0,5.07,0,0,0,0,0,0,0,0,0,0,0,0,0,0,0,0,0,0,0,0,0.15,0,0,0,0,0,0.05,0,0,0,0,0,0.2,0,0,0,0,0,0
    lemon zest,0.014286,Ounce-weight,0.4,0.19,0.01,0,0.01,0.06,0.04,0.01,0.02,0,0,0,0,0,0,0,0,0,0.33,0.2,0.01,0.02,0,0.03,0,0,0,0,0,0,0,0.52,0,0,0,0.05,0.05,0,0,0.54,0,0,0,0,0,0.06,0,0,0.05,0.65,0,0.02,0,0,0,0,0,0.03
"    lemon juice, fresh",0.142857,Fluid ounce,4.36,0.96,0.09,0.02,0.02,0.3,0.01,0.01,0.11,0.09,0.02,0.18,0.01,0,0,0,0,0,4.02,0.26,0.01,0.03,0,0.04,0,0,0,0,0,0,0.01,1.69,0,0,0.01,0.87,0.87,0,0.01,0.26,0,0,0,0,0,0.26,0,0,0.35,4.49,0,0.04,0,0,0,0,0,0.22
"    tarragon, fresh",0.014286,Ounce-weight,0.4,1.12,0,0,0,0,0,0,0,0,0,0,0,0,0,0,0,0,0,0,0,0,0,0,0,0,0,0,0,0,0,0,0,0,0,0,0,0,0,4.5,0,0,0,0,0,0,0,0,0,12.15,0,0,0,0,0,0,0,0
"    black pepper, ground",0.002857,Ounce-weight,0.08,0.2,0.02,0.01,0.01,0.05,0.02,0,0,0,0,0.03,0,0,0,0,0,0,0.01,0.44,0.02,0.04,0,0.25,0,0,0,0,0,0,0,0,0,0,0,0.01,0.01,0.13,0,0.36,0.01,0,0,0,0.01,0.14,0.01,0,0.13,1.08,0,0.02,0,0,0,0,0,0.01
    nutritional yeast,0.021429,Ounce-weight,0.61,2.34,0.24,0.04,0.31,0.22,0.13,0,0,0,0,0.09,0.03,0,0.02,0,0,0,0,0,0,0,0,0,0.48,0.39,1.86,1.86,0.24,0.71,0.56,0,0,0,0,0,0,0,0.01,0.24,0,0,0,0,0.03,0.9,0.01,0,5.24,10.69,0,1.06,0.08,0,0,0,0,0
    Euphebe Organic Vegetable Stock,0.285714,Fluid ounce,8.09,0.68,0,0,0.03,0.14,0.03,0,0.1,0,0,0,0,0,0,0,0,0,0,0,0,0,0,0,0,0,0,0,0,0,0,0,0,0,0,0,0,0,0,0,0,0,0,0,0,0,0,0,0,0,0,0,0,0,0,0,0,0
"    beans, white, dry",0.2,Ounce-weight,5.67,18.88,0.43,0.11,1.32,3.42,0.86,0.25,0.12,0,0,2.44,0.05,0.01,0,0.02,0,0,0.64,0,0,0,0,0,0.02,0.01,0.03,0.29,0.02,0,0,0,0,0,0.01,22,22,0.32,0.04,13.61,0,0.06,0,0,0.59,10.77,0.1,0,17.07,101.77,0.73,0.91,0.21,0.01,0.01,0,0,3.75
"    lemon juice, fresh",0.142857,Teaspoon,0.73,0.16,0.02,0,0,0.05,0,0,0.02,0.02,0,0.03,0,0,0,0,0,0,0.67,0.04,0,0,0,0.01,0,0,0,0,0,0,0,0.28,0,0,0,0.15,0.15,0,0,0.04,0,0,0,0,0,0.04,0,0,0.06,0.75,0,0.01,0,0,0,0,0,0.04
"    cauliflower florets, fresh",1,Ounce-weight,28.35,7.09,0.71,0.33,0.54,1.41,0.57,0.2,0.54,0.54,0,0.3,0.08,0.04,0.01,0.01,0,0,26.1,0,0,0,0,0,0.01,0.02,0.14,0.24,0.05,0,0.48,13.66,0,0,0.02,16.16,16.16,4.39,0.19,6.24,0,0.01,0,0,0.12,4.25,0.04,1.42,12.47,84.77,0.17,8.5,0.08,0,0,0,0,12.56
"        cashews, raw, whole",0.222609,Ounce-weight,6.31,36.06,24.34,4.06,1.13,1.8,0.23,0,0.45,0,0,1.13,2.7,0.45,1.58,0.45,0,0,0,0,0,0,0,0,0,0,0,0,0,0,0,0,0,0,0,0,0,0,0,4.51,0,0,0,0,0.41,0,0,0,0,0,0,1.13,0,0,0,0,0,0
"        water, tap",0.020237,Cup,4.79,0,0,0,0,0,0,0,0,0,0,0,0,0,0,0,0,0,4.79,0,0,0,0,0,0,0,0,0,0,0,0,0,0,0,0,0,0,0,0,0.14,0,0,0,0,0,0.05,0,0,0,0,0,0.19,0,0,0,0,0,0
    sea salt,0.048,ounce-weight,1.36,,,,,,,,,,,,,,,,,,,,,,,,,,,,,,,,,,,,,,,,,,,,,,,,,,,526.17,,,,,,
Total,1,Serving,586.06,396.45,92.21,13.88,14.17,58.86,8.83,0.47,7.33,1.67,0.33,42.71,10.38,1.54,6.97,1.27,0,0,73.72,1921.22,96.06,192.12,0,208.99,0.54,0.43,2.14,2.61,0.36,0.71,2.15,30.8,0,0,1.14,97.52,51.78,195.22,0.3,124.24,0.01,0.09,0.01,0.63,3.48,39.19,0.45,2.98,47.1,285.82,1.08,768.59,0.47,0.07,0.74,2.61,0,19.13
,,,,,,,,,,,,,,,,,,,,,,,,,,,,,,,,,,,,,,,,,,,,,,,,,,,,,,,,,,,,
Sliced Almonds,1,Serving,14.17,82.07,63.7,4.85,3,3.05,1.77,0.21,0.62,0.05,0.57,0.67,7.08,0.54,4.47,1.75,0,0,0.63,0.28,0.01,0.03,0,0.14,0.03,0.16,0.51,0.98,0.02,0,9.07,0,0,0,3.63,6.24,6.24,0,0.07,38.13,0,0.15,0,0.28,0.53,38.27,0.31,4.18,68.18,103.9,0.58,0.14,0.44,0,1.75,0,0,7.39
"    almonds, sliced",0.5,Ounce-weight,14.17,82.07,63.7,4.85,3,3.05,1.77,0.21,0.62,0.05,0.57,0.67,7.08,0.54,4.47,1.75,0,0,0.63,0.28,0.01,0.03,0,0.14,0.03,0.16,0.51,0.98,0.02,0,9.07,0,0,0,3.63,6.24,6.24,0,0.07,38.13,0,0.15,0,0.28,0.53,38.27,0.31,4.18,68.18,103.9,0.58,0.14,0.44,0,1.75,0,0,7.39
Total,1,Serving,14.17,82.07,63.7,4.85,3,3.05,1.77,0.21,0.62,0.05,0.57,0.67,7.08,0.54,4.47,1.75,0,0,0.63,0.28,0.01,0.03,0,0.14,0.03,0.16,0.51,0.98,0.02,0,9.07,0,0,0,3.63,6.24,6.24,0,0.07,38.13,0,0.15,0,0.28,0.53,38.27,0.31,4.18,68.18,103.9,0.58,0.14,0.44,0,1.75,0,0,7.39
,,,,,,,,,,,,,,,,,,,,,,,,,,,,,,,,,,,,,,,,,,,,,,,,,,,,,,,,,,,,
Tomato & Cannellini Bean Soup,1,Serving,473.81,317.67,25.09,4.16,17.11,57.61,20.93,4.95,9.33,3.59,1.46,3.37,2.82,0.46,1.23,0.59,0,0,121.8,6353.2,317.66,635.32,0,2422.5,0.53,0.2,1.7,4.58,0.42,0,3.56,17.93,0,0,1.17,303.93,265.81,103.65,0.76,161.01,0.13,0.5,0.02,0.84,6.99,147.75,1.21,3.48,321.46,1447.86,8.76,769.37,2.06,0.17,0.43,0,0,10.39
"    oil, olive",0.007143,Cup,1.54,13.64,13.64,1.92,0,0,0,0,0,0,0,0,1.54,0.21,1.13,0.16,0,0,0,0,0,0,0,0,0,0,0,0,0,0,0,0,0,0,0.22,0,0,0.93,0,0.02,0,0,0,0,0.01,0,0,0,0,0.02,0,0.03,0,0.01,0.15,0,0,0
"    onion, white, fresh, chopped",0.092857,Pound,42.12,16.85,0.38,0.16,0.46,3.93,0.72,0,1.79,1.37,0.42,1.43,0.04,0.02,0.01,0.01,0,0,37.53,0.84,0.04,0.08,0,0.42,0.02,0.01,0.05,0.15,0.05,0,1.47,3.12,0,0,0.01,8,8,0.17,0.05,9.69,0,0.02,0,0.84,0.09,4.21,0.05,2.11,12.21,61.49,0.21,1.68,0.07,0,0.01,0,0,2.57
"    garlic, minced",0.057143,Ounce-weight,1.62,4.86,1.46,0,0,0,0,0,0,0,0,0,0.16,0,0,0,0,0,1.11,0,0,0,0,0,0,0,0,0,0,0,0,0,0,0,0,0,0,0,0,0,0,0,0,0,0,0,0,0,0,0,0,0,0,0,0,0,0,0
"    carrots, fresh, chopped",0.971429,Ounce-weight,27.54,11.29,0.59,0.09,0.26,2.64,0.77,0.32,1.31,0.31,0.99,0.56,0.07,0.01,0,0.03,0,0,24.31,4600.76,230.04,460.08,0,2281.65,0.02,0.02,0.27,0.3,0.04,0,0.08,1.62,0,0,0.18,5.23,5.23,3.64,0.08,9.09,0.11,0.01,0,0,0.08,3.3,0.04,1.38,9.64,88.13,0.03,19,0.07,0,0.03,0,0,2.42
"    cumin seeds, ground",0.008929,Ounce-weight,0.25,1.13,0.53,0,0.05,0.1,0.09,0,0,0,0,0,0.06,0,0,0,0,0,0.03,1.14,0.06,0.11,0,0.68,0,0,0,0,0,0,0,0.01,0,0,0,0,0,0,0,2.1,0,0,0,0,0.09,0,0,0,0,0,0,0.5,0,0,0,0,0,0
"    tomatoes, crushed, canned",1.71429,Ounce-weight,48.6,18.07,0,0,0.8,3.61,1.2,0,1.61,0,0,0.8,0,0,0,0,0,0,0,200.82,10.04,20.08,0,0,0,0,0,0,0,0,0,2.41,0,0,0,0,0,0,0,0,0,0,0,0,0.58,0,0,0,0,148.61,0,92.38,0,0,0,0,0,0
"    tomato sauce, canned",1.71429,Fluid ounce,52.5,12.6,1.42,0.19,0.63,2.79,0.79,0,1.87,1.83,0.04,0.13,0.16,0.02,0.02,0.06,0,0,47.92,228.38,11.42,22.84,0,135.98,0.01,0.03,0.52,0.6,0.05,0,2,3.68,0,0,0.76,4.73,4.73,1.47,0.16,7.35,0,0.06,0.02,0,0.5,7.88,0.06,0,14.18,155.93,0.32,248.85,0.12,0,0.06,0,0,5.2
"    bay leaf, dried",0.002571,Ounce-weight,0.07,0.23,0.05,0.01,0.01,0.05,0.02,0,0,0,0,0,0.01,0,0,0,0,0,0,4.51,0.23,0.45,0,0,0,0,0,0,0,0,0,0.03,0,0,0,0.13,0.13,0,0,0.61,0,0,0,0,0.03,0.09,0.01,0,0.08,0.39,0,0.02,0,0,0,0,0,0
"    sage, fresh",0.008929,Ounce-weight,0.25,0.3,0.1,0,0.01,0.04,0,0,0,0,0,0,0.01,0,0,0,0,0,0.17,5.44,0.27,0.54,0,3.27,0,0,0,0,0,0,0,0,0,0,0,0,0,0,0,1.52,0,0,0,0,0,0.4,0.02,0,0.08,0.99,0,0.01,0,0,0,0,0,0
"    spinach, baby, fresh",0.714286,Ounce-weight,20.25,4.76,0,0,0.48,0.71,0.48,0,0,0,0,0.24,0,0,0,0,0,0,0,1310.27,65.51,131.03,0,0,0,0,0,0,0,0,0,5.72,0,0,0,38.12,0,97.2,0,19.06,0,0,0,0,0.64,14.29,0.19,0,0,0,0,15.49,0,0,0,0,0,0
"    lemon juice, fresh",0.014286,Cup,3.49,0.77,0.08,0.01,0.01,0.24,0.01,0,0.09,0.07,0.01,0.14,0.01,0,0,0,0,0,3.22,0.21,0.01,0.02,0,0.03,0,0,0,0,0,0,0.01,1.35,0,0,0.01,0.7,0.7,0,0,0.21,0,0,0,0,0,0.21,0,0,0.28,3.59,0,0.03,0,0,0,0,0,0.18
"    black pepper, ground",0.005357,Ounce-weight,0.15,0.38,0.04,0.02,0.02,0.1,0.04,0,0,0,0,0.06,0,0,0,0,0,0,0.02,0.83,0.04,0.08,0,0.47,0,0,0,0,0,0,0,0,0,0,0,0.03,0.03,0.25,0,0.67,0.02,0,0,0,0.01,0.26,0.02,0,0.24,2.02,0.01,0.03,0,0,0,0,0,0.02
"    beans, small white, dry",2.25714,Ounce-weight,63.99,215,6.8,1.75,13.51,39.83,15.93,4.62,0,0,0,0,0.76,0.19,0.07,0.32,0,0,7.49,0,0,0,0,0,0.48,0.13,0.86,3.52,0.28,0,0,0,0,0,0,247,247,0,0.47,110.7,0,0.41,0,0,4.95,117.1,0.82,0,284.75,986.71,8.19,7.68,1.8,0.15,0.18,0,0,0
    Euphebe Organic Vegetable Stock,7.42857,Fluid ounce,210.44,17.78,0,0,0.88,3.56,0.88,0,2.67,0,0,0,0,0,0,0,0,0,0,0,0,0,0,0,0,0,0,0,0,0,0,0,0,0,0,0,0,0,0,0,0,0,0,0,0,0,0,0,0,0,0,0,0,0,0,0,0,0
    sea salt,0.035,ounce-weight,0.99,,,,,,,,,,,,,,,,,,,,,,,,,,,,,,,,,,,,,,,,,,,,,,,,,,,383.66,,,,,,
Total,1,Serving,473.81,317.67,25.09,4.16,17.11,57.61,20.93,4.95,9.33,3.59,1.46,3.37,2.82,0.46,1.23,0.59,0,0,121.8,6353.2,317.66,635.32,0,2422.5,0.53,0.2,1.7,4.58,0.42,0,3.56,17.93,0,0,1.17,303.93,265.81,103.65,0.76,161.01,0.13,0.5,0.02,0.84,6.99,147.75,1.21,3.48,321.46,1447.86,8.76,769.37,2.06,0.17,0.43,0,0,10.39
,,,,,,,,,,,,,,,,,,,,,,,,,,,,,,,,,,,,,,,,,,,,,,,,,,,,,,,,,,,,
Chickpea & Maitake Tacos,1,Serving,380.99,512.52,239.34,36.87,18.56,48.29,10.51,1.3,12.31,3.89,0.93,25.47,26.63,4.1,14.47,4.72,0,0,244.83,943.6,47.18,94.36,0,12.35,0.35,0.39,9,10.86,0.29,0,1.77,18.72,1446.79,36.2,0.57,222.96,201.62,58.56,0.88,78.45,0,0.55,0.05,1.01,5.53,50.1,6.56,2.54,184.66,549.48,3.09,756.2,1.88,0.05,1.11,0,0,98.34
"    chickpeas, dry",1.04444,Ounce-weight,29.61,111.92,16.1,1.61,6.06,18.64,3.61,1.3,3.17,0,0,11.86,1.79,0.18,0.41,0.81,0,0,2.27,19.84,0.99,1.98,0,11.84,0.14,0.06,0.46,1.44,0.16,0,0,1.18,0,0,0.24,164.92,164.92,2.66,0.47,16.88,0,0.19,0,0,1.28,23.39,6.31,0,74.62,212.6,0,7.11,0.82,0.03,0.78,0,0,29.4
"    mushrooms, maitake, fresh, diced",4.54444,Ounce-weight,128.83,39.94,2.2,0.35,2.5,8.98,3.48,0,2.67,2.24,0.43,2.83,0.24,0.04,0.04,0.12,0,0,116.43,0,0,0,0,0,0.19,0.31,8.48,9.24,0.07,0,0,0,1446.79,36.2,0.01,27.05,27.05,0,0.35,1.29,0,0.32,0,0,0.39,12.88,0.08,0,95.34,262.82,2.83,1.29,0.97,0,0.12,0,0,65.83
"    poblano peppers, fresh, sliced",0.05,Pound,22.68,6.3,1.13,0,0.25,1.26,0.5,0,0.76,0,0,0,0.13,0,0,0,0,0,0,189,9.45,18.9,0,0,0,0,0,0,0,0,0,10.58,0,0,0,0,0,0,0,0,0,0,0,0,0.18,0,0,0,0,0,0,0,0,0,0,0,0,0
"    onion, white, fresh, chopped",1.78889,Ounce-weight,50.71,20.29,0.46,0.19,0.56,4.74,0.86,0,2.15,1.65,0.5,1.72,0.05,0.02,0.01,0.01,0,0,45.19,1.01,0.05,0.1,0,0.51,0.02,0.01,0.06,0.18,0.06,0,1.77,3.75,0,0,0.01,9.64,9.64,0.2,0.06,11.66,0,0.02,0,1.01,0.11,5.07,0.07,2.54,14.71,74.04,0.25,2.03,0.09,0,0.01,0,0,3.09
"    garlic, minced",0.322222,Ounce-weight,9.13,27.4,8.22,0,0,0,0,0,0,0,0,0,0.91,0,0,0,0,0,6.25,0,0,0,0,0,0,0,0,0,0,0,0,0,0,0,0,0,0,0,0,0,0,0,0,0,0,0,0,0,0,0,0,0,0,0,0,0,0,0
"    spinach, baby, fresh",0.4,Ounce-weight,11.34,2.67,0,0,0.27,0.4,0.27,0,0,0,0,0.13,0,0,0,0,0,0,0,733.75,36.69,73.38,0,0,0,0,0,0,0,0,0,3.2,0,0,0,21.35,0,54.43,0,10.67,0,0,0,0,0.36,8,0.11,0,0,0,0,8.67,0,0,0,0,0,0
"    oil, olive",0.155556,Tablespoon,2.1,18.56,18.56,2.61,0,0,0,0,0,0,0,0,2.1,0.29,1.53,0.22,0,0,0,0,0,0,0,0,0,0,0,0,0,0,0,0,0,0,0.3,0,0,1.26,0,0.02,0,0,0,0,0.01,0,0,0,0,0.02,0,0.04,0,0.02,0.21,0,0,0.01
"    water, tap",1.24444,Fluid ounce,36.84,0,0,0,0,0,0,0,0,0,0,0,0,0,0,0,0,0,36.8,0,0,0,0,0,0,0,0,0,0,0,0,0,0,0,0,0,0,0,0,1.11,0,0,0.03,0,0,0.37,0,0,0,0,0,1.47,0,0,0,0,0,0
"    cashews, raw, whole",1.76196,Ounce-weight,49.95,285.43,192.67,32.11,8.92,14.27,1.78,0,3.57,0,0,8.92,21.41,3.57,12.49,3.57,0,0,0,0,0,0,0,0,0,0,0,0,0,0,0,0,0,0,0,0,0,0,0,35.68,0,0,0,0,3.21,0,0,0,0,0,0,8.92,0,0,0,0,0,0
"    water, tap",0.160178,Cup,37.93,0,0,0,0,0,0,0,0,0,0,0,0,0,0,0,0,0,37.89,0,0,0,0,0,0,0,0,0,0,0,0,0,0,0,0,0,0,0,0,1.14,0,0,0.03,0,0,0.38,0,0,0,0,0,1.52,0,0,0,0,0,0
    sea salt,0.066,ounce-weight,1.871067,,,,,,,,,,,,,,,,,,,,,,,,,,,,,,,,,,,,,,,,,,,,,,,,,,,725.142,,,,,,
Total,1,Serving,380.99,512.52,239.34,36.87,18.56,48.29,10.51,1.3,12.31,3.89,0.93,25.47,26.63,4.1,14.47,4.72,0,0,244.83,943.6,47.18,94.36,0,12.35,0.35,0.39,9,10.86,0.29,0,1.77,18.72,1446.79,36.2,0.57,222.96,201.62,58.56,0.88,78.45,0,0.55,0.05,1.01,5.53,50.1,6.56,2.54,184.66,549.48,3.09,756.2,1.88,0.05,1.11,0,0,98.34
,,,,,,,,,,,,,,,,,,,,,,,,,,,,,,,,,,,,,,,,,,,,,,,,,,,,,,,,,,,,
Corn Tortillas,1,Serving,37,80,9,0,2,16,2,0,2,0,0,12,1,0,0,0,0,0,0,0,0,0,0,0,0,0,0,0,0,0,0,0,0,0,0,0,0,0,0,0,0,0,0,0,0,0,0,0,0,0,0,10,0,0,0,0,0,0
"    tortilla, yellow corn, 6""",2,Each,37,80,9,0,2,16,2,0,2,0,0,12,1,0,0,0,0,0,0,0,0,0,0,0,0,0,0,0,0,0,0,0,0,0,0,0,0,0,0,0,0,0,0,0,0,0,0,0,0,0,0,10,0,0,0,0,0,0
Total,1,Serving,37,80,9,0,2,16,2,0,2,0,0,12,1,0,0,0,0,0,0,0,0,0,0,0,0,0,0,0,0,0,0,0,0,0,0,0,0,0,0,0,0,0,0,0,0,0,0,0,0,0,0,10,0,0,0,0,0,0
,,,,,,,,,,,,,,,,,,,,,,,,,,,,,,,,,,,,,,,,,,,,,,,,,,,,,,,,,,,,
Hippie Brunch Burrito,1,Serving,343.09,412.04,85.58,17.8,21.56,62.29,11.55,0.17,7.68,3.97,2.26,15.44,9.51,1.98,3.29,3.89,0,0,205.57,11331.37,569.32,1133.14,0,5971.14,0.29,0.12,0.82,3.33,0.39,0,2.12,40.37,0,0,1.16,102.35,77.94,95.74,1.02,155.13,0,0.33,0.01,1.44,4.79,114.15,1.72,7.45,83.9,639.59,21.48,656.4,1.45,0.03,0.07,0,0,18.63
"    oil, coconut",0.074468,Tablespoon,1.01,9.03,9.03,7.52,0,0,0,0,0,0,0,0,1,0.84,0.06,0.02,0,0,0,0,0,0,0,0,0,0,0,0,0,0,0,0,0,0,0,0,0,0.01,0,0.01,0,0,0,0,0,0,0,0,0,0,0,0,0,0,0.02,0,0,0
"    sweet potatoes, fresh, cubes",2.3227,Ounce-weight,65.85,56.63,0.3,0.11,1.03,13.25,1.98,0,2.75,1.09,1.66,8.52,0.03,0.01,0,0.01,0,0,50.89,9341.76,467.09,934.18,0,5602.95,0.05,0.04,0.37,0.71,0.14,0,0,1.58,0,0,0.17,7.24,7.24,1.19,0.53,19.75,0,0.1,0,0,0.4,16.46,0.17,3.29,30.95,221.91,0.4,36.22,0.2,0,0.01,0,0,8.1
"    black beans, dry",0.294326,Ounce-weight,8.34,28.45,1.07,0.27,1.8,5.2,1.29,0.17,0.18,0,0,3.73,0.12,0.03,0.01,0.05,0,0,0.92,1.42,0.07,0.14,0,0,0.08,0.02,0.16,0.52,0.02,0,0,0,0,0,0.02,37.05,37.05,0.47,0.08,10.26,0,0.07,0,0,0.42,14.27,0.09,0,29.37,123.74,0.27,0.42,0.3,0.02,0.03,0,0,5.54
"    onion, yellow, fresh, chopped",2.13475,Ounce-weight,60.52,24.21,0.54,0.23,0.67,5.65,1.03,0,2.57,1.97,0.6,2.06,0.06,0.03,0.01,0.01,0,0,53.93,1.21,0.06,0.12,0,0.61,0.03,0.02,0.07,0.21,0.07,0,2.12,4.48,0,0,0.01,11.5,11.5,0.24,0.07,13.92,0,0.02,0,1.21,0.13,6.05,0.08,3.03,17.55,88.36,0.3,2.42,0.1,0,0.01,0,0,3.69
"    chili powder, Eagle, food service",0.007092,Ounce-weight,0.2,2.68,0,0,0,0.67,0,0,0,0,0,0,0,0,0,0,0,0,0,0,0,0,0,0,0,0,0,0,0,0,0,0,0,0,0,0,0,0,0,0,0,0,0,0,0,0,0,0,0,0,0,0,0,0,0,0,0,0
"    tofu, extra firm, Nasoya",3.44326,Ounce-weight,97.61,95.66,45.68,6.15,9.86,2.54,1.27,0,0.39,0,0,0.88,5.08,0.68,1.37,3.03,0,0,78.97,36.12,1.95,3.61,0,0,0,0,0,0,0,0,0,0,0,0,0,0,0,0,0,75.16,0,0,0,0,1.56,0,0,0,0,0,0,3.9,0,0,0,0,0,0
"    spinach, baby, fresh",0.677305,Ounce-weight,19.2,4.52,0,0,0.45,0.68,0.45,0,0,0,0,0.23,0,0,0,0,0,0,0,1242.44,62.12,124.24,0,0,0,0,0,0,0,0,0,5.42,0,0,0,36.14,0,92.17,0,18.07,0,0,0,0,0.61,13.55,0.18,0,0,0,0,14.68,0,0,0,0,0,0
"    bell pepper, red, fresh, chopped",0.797872,Ounce-weight,22.62,7.01,0.61,0.05,0.22,1.36,0.45,0,0.91,0.91,0,0,0.07,0.01,0,0.02,0,0,20.86,708.21,35.41,70.82,0,367.34,0.01,0.02,0.22,0.27,0.07,0,0,28.88,0,0,0.36,10.4,10.4,1.11,0.07,1.58,0,0,0,0.23,0.1,2.71,0.03,1.13,5.88,47.73,0.02,0.9,0.06,0.01,0.01,0,0,1.27
"    turmeric, ground",0.001773,Ounce-weight,0.05,0.16,0.01,0.01,0,0.03,0.01,0,0,0,0,0.02,0,0,0,0,0,0,0.01,0,0,0,0,0,0,0,0,0,0,0,0,0,0,0,0,0.01,0.01,0.01,0,0.08,0,0,0,0,0.03,0.1,0.01,0,0.15,1.05,0,0.01,0,0,0,0,0,0.02
"    cumin seeds, ground",0.001773,Ounce-weight,0.05,0.22,0.1,0,0.01,0.02,0.02,0,0,0,0,0,0.01,0,0,0,0,0,0.01,0.23,0.01,0.02,0,0.14,0,0,0,0,0,0,0,0,0,0,0,0,0,0,0,0.42,0,0,0,0,0.02,0,0,0,0,0,0,0.1,0,0,0,0,0,0
    Alvarado Street Bakery Sprouted Whole Wheat Tortilla,67,Gram,67,183.47,28.23,3.46,7.51,32.89,5.05,0,0.88,0,0,0,3.14,0.38,1.84,0.76,0,0,0,0,2.61,0,0,0.11,0.13,0.03,0,1.63,0.09,0,0,0,0,0,0.6,0,11.73,0.56,0.27,15.87,0,0.13,0.01,0,1.53,61,1.17,0,0,156.81,20.48,349.41,0.78,0,0,0,0,0
    sea salt,0.0226,ounce-weight,0.6406987,,,,,,,,,,,,,,,,,,,,,,,,,,,,,,,,,,,,,,,,,,,,,,,,,,,248.3062,,,,,,
Total,1,Serving,343.09,412.04,85.58,17.8,21.56,62.29,11.55,0.17,7.68,3.97,2.26,15.44,9.51,1.98,3.29,3.89,0,0,205.57,11331.37,569.32,1133.14,0,5971.14,0.29,0.12,0.82,3.33,0.39,0,2.12,40.37,0,0,1.16,102.35,77.94,95.74,1.02,155.13,0,0.33,0.01,1.44,4.79,114.15,1.72,7.45,83.9,639.59,21.48,656.4,1.45,0.03,0.07,0,0,18.63
,,,,,,,,,,,,,,,,,,,,,,,,,,,,,,,,,,,,,,,,,,,,,,,,,,,,,,,,,,,,
Green Salsa,1,Serving,57.6,25.18,10.17,0.71,0.79,3.76,1.13,0,2.3,0.05,0.01,0.32,1.13,0.08,0.47,0.08,0,0,89.02,134.62,6.73,13.46,0,35.5,0.01,0.01,0.15,0.15,0.02,0,0,4.75,0,0,0.18,4.85,4.85,2.56,0.07,1.66,0,0.01,0,0,0.37,1.86,0.01,0.03,4.35,33.79,0.02,110.5,0.06,0,0,0,0,0.33
"    tomatillos, crushed",1.69545,Ounce-weight,48.07,14.57,3.28,0,0.73,2.91,0.73,0,2.18,0,0,0,0.36,0,0,0,0,0,85.06,72.83,3.64,7.28,0,0,0,0,0,0,0,0,0,2.62,0,0,0,0,0,0,0,0,0,0,0,0,0.26,0,0,0,0,0,0,0,0,0,0,0,0,0
"    avocado, California, fresh",0.03125,Each,4.69,7.81,6.33,0.7,0,0.47,0.31,0,0,0,0,0.16,0.7,0.08,0.47,0.08,0,0,0,0,0,0,0,0,0,0.01,0.12,0.12,0.01,0,0,0.37,0,0,0.13,3.75,3.75,0,0.06,0,0,0.01,0,0,0.06,1.25,0.01,0,3.12,23.44,0,0,0.05,0,0,0,0,0
"    juice, lime, fresh",0.007955,Cup,1.92,0.48,0.01,0,0.01,0.16,0.01,0,0.03,0.02,0.01,0.12,0,0,0,0,0,0,1.75,0.96,0.05,0.1,0,0.58,0,0,0,0,0,0,0,0.58,0,0,0,0.19,0.19,0.01,0,0.27,0,0,0,0,0,0.15,0,0,0.27,2.25,0,0.04,0,0,0,0,0,0.1
"    cilantro, fresh, leaves",0.027273,Ounce-weight,0.77,0.18,0.04,0,0.02,0.03,0.02,0,0.01,0,0,0,0,0,0,0,0,0,0.71,52.17,2.61,5.22,0,30.39,0,0,0.01,0.01,0,0,0,0.21,0,0,0.02,0.48,0.48,2.4,0,0.52,0,0,0,0,0.01,0.2,0,0,0.37,4.03,0.01,0.36,0,0,0,0,0,0.1
"    jalapeno peppers, fresh",0.027273,Ounce-weight,0.77,0.22,0.03,0.01,0.01,0.05,0.02,0,0.03,0.03,0,0,0,0,0,0,0,0,0.71,8.33,0.42,0.83,0,4.34,0,0,0.01,0.01,0,0,0,0.92,0,0,0.03,0.21,0.21,0.14,0,0.09,0,0,0,0,0,0.12,0,0,0.2,1.92,0,0.02,0,0,0,0,0,0.06
"    shallots, fresh, chopped",0.022727,Ounce-weight,0.64,0.46,0.01,0,0.02,0.11,0.02,0,0.05,0,0,0.04,0,0,0,0,0,0,0.51,0.03,0,0,0,0.02,0,0,0,0,0,0,0,0.05,0,0,0,0.22,0.22,0.01,0,0.24,0,0,0,0,0.01,0.14,0,0.03,0.39,2.15,0.01,0.08,0,0,0,0,0,0.07
"    garlic, minced",0.013636,Ounce-weight,0.39,1.16,0.35,0,0,0,0,0,0,0,0,0,0.04,0,0,0,0,0,0.26,0,0,0,0,0,0,0,0,0,0,0,0,0,0,0,0,0,0,0,0,0,0,0,0,0,0,0,0,0,0,0,0,0,0,0,0,0,0,0
"    cumin seeds, ground",0.013636,Tablespoon,0.07,0.29,0.14,0,0.01,0.03,0.02,0,0,0,0,0,0.02,0,0,0,0,0,0.01,0.29,0.01,0.03,0,0.18,0,0,0,0,0,0,0,0,0,0,0,0,0,0,0,0.54,0,0,0,0,0.02,0,0,0,0,0,0,0.13,0,0,0,0,0,0
    sea salt,0.01,ounce-weight,0.283495,,,,,,,,,,,,,,,,,,,,,,,,,,,,,,,,,,,,,,,,,,,,,,,,,,,109.87,,,,,,
Total,1,Serving,57.6,25.18,10.17,0.71,0.79,3.76,1.13,0,2.3,0.05,0.01,0.32,1.13,0.08,0.47,0.08,0,0,89.02,134.62,6.73,13.46,0,35.5,0.01,0.01,0.15,0.15,0.02,0,0,4.75,0,0,0.18,4.85,4.85,2.56,0.07,1.66,0,0.01,0,0,0.37,1.86,0.01,0.03,4.35,33.79,0.02,110.5,0.06,0,0,0,0,0.33
,,,,,,,,,,,,,,,,,,,,,,,,,,,,,,,,,,,,,,,,,,,,,,,,,,,,,,,,,,,,
Puy Lentil & Cabbage Burger,1,Serving,180.71,264.08,44.95,6.81,11.35,43.43,8.28,2.07,5.44,1.98,1.29,29.69,5.03,0.76,2.34,1.15,0,0,103.97,4341.99,217.1,434.2,0,2183.73,0.18,0.05,0.41,0.58,0.13,0,1.03,19.6,0,0,0.55,16.26,16.26,25.59,0.15,76.98,0.17,0.05,0.03,0.53,4.11,50.34,0.25,3.82,158.11,333.01,0.35,252.29,0.21,0.03,0.24,0,0,8.54
"    lentils, french green, dry",1.02083,Ounce-weight,28.94,77.17,0,0,5.79,12.22,2.57,0,1.29,0,0,8.36,0,0,0,0,0,0,0,0,0,0,0,0,0,0,0,0,0,0,0,1.54,0,0,0,0,0,0,0,12.86,0,0,0,0,1.74,0,0,0,0,0,0,0,0,0,0,0,0,0
"    carrots, fresh, chopped",0.854167,Ounce-weight,24.22,9.93,0.52,0.08,0.23,2.32,0.68,0.28,1.15,0.28,0.87,0.49,0.06,0.01,0,0.03,0,0,21.38,4045.39,202.27,404.54,0,2006.23,0.02,0.01,0.24,0.26,0.03,0,0.07,1.43,0,0,0.16,4.6,4.6,3.2,0.07,7.99,0.1,0.01,0,0,0.07,2.91,0.03,1.21,8.48,77.49,0.02,16.71,0.06,0,0.03,0,0,2.13
"    onion, yellow, fresh, chopped",0.9375,Ounce-weight,26.58,10.63,0.24,0.1,0.29,2.48,0.45,0,1.13,0.86,0.26,0.9,0.03,0.01,0,0,0,0,23.68,0.53,0.03,0.05,0,0.27,0.01,0.01,0.03,0.09,0.03,0,0.93,1.97,0,0,0.01,5.05,5.05,0.11,0.03,6.11,0,0.01,0,0.53,0.06,2.66,0.03,1.33,7.71,38.8,0.13,1.06,0.05,0,0,0,0,1.62
"    cabbage, red, fresh, chopped",0.90625,Ounce-weight,25.69,7.96,0.37,0.05,0.37,1.89,0.54,0.03,0.98,0.83,0.15,0.37,0.04,0.01,0,0.02,0,0,23.22,286.72,14.34,28.67,0,172.13,0.02,0.02,0.11,0.16,0.05,0,0.03,14.64,0,0,0.03,4.62,4.62,9.81,0.04,11.56,0,0,0,0,0.21,4.11,0.06,1.28,7.71,62.43,0.15,6.94,0.06,0.01,0.01,0,0,4.39
"    oats, rolled, old fashioned, dry",1.23958,Ounce-weight,35.14,131.78,23.72,3.95,4.39,23.72,3.51,1.76,0.88,0,0,19.33,2.64,0.44,0.88,0.88,0,0,0,0,0,0,0,0,0.13,0,0,0,0,0,0,0,0,0,0,0,0,0,0,17.57,0,0,0,0,1.27,35.14,0,0,131.78,131.78,0,0,0,0,0,0,0,0
"    garlic, minced",0.052083,Ounce-weight,1.48,4.43,1.33,0,0,0,0,0,0,0,0,0,0.15,0,0,0,0,0,1.01,0,0,0,0,0,0,0,0,0,0,0,0,0,0,0,0,0,0,0,0,0,0,0,0,0,0,0,0,0,0,0,0,0,0,0,0,0,0,0
"    cumin seeds, ground",0.016927,Ounce-weight,0.48,2.14,1,0,0.09,0.19,0.17,0,0,0,0,0,0.11,0,0,0,0,0,0.05,2.16,0.11,0.22,0,1.3,0,0,0,0,0,0,0,0.01,0,0,0,0,0,0,0,3.98,0,0,0,0,0.16,0,0,0,0,0,0,0.95,0,0,0,0,0,0
"    basil, dried, ground",0.145833,Tablespoon,0.61,1.43,0.22,0.12,0.14,0.29,0.23,0,0.01,0.01,0,0.05,0.02,0.01,0.01,0,0,0,0.06,4.56,0.23,0.46,0,2.32,0,0.01,0.03,0.06,0.01,0,0,0,0,0,0.07,1.9,1.9,10.5,0.01,13.72,0,0.01,0,0,0.55,4.35,0.06,0,1.68,16.11,0.02,0.47,0.04,0,0,0,0,0.34
"    black pepper, ground",0.016927,Ounce-weight,0.48,1.2,0.14,0.06,0.05,0.31,0.12,0,0,0,0,0.18,0.02,0.01,0,0,0,0,0.06,2.62,0.13,0.26,0,1.49,0,0,0.01,0.01,0,0,0,0,0,0,0,0.08,0.08,0.79,0.01,2.13,0.08,0.01,0,0,0.05,0.82,0.06,0,0.76,6.38,0.02,0.1,0.01,0,0,0,0,0.05
"    oil, olive",0.145833,Tablespoon,1.97,17.4,17.4,2.45,0,0,0,0,0,0,0,0,1.97,0.27,1.44,0.21,0,0,0,0,0,0,0,0,0,0,0,0,0,0,0,0,0,0,0.28,0,0,1.19,0,0.02,0,0,0,0,0.01,0,0,0,0,0.02,0,0.04,0,0.01,0.19,0,0,0.01
"    water, tap",1.16667,Fluid ounce,34.53,0,0,0,0,0,0,0,0,0,0,0,0,0,0,0,0,0,34.5,0,0,0,0,0,0,0,0,0,0,0,0,0,0,0,0,0,0,0,0,1.04,0,0,0.02,0,0,0.35,0,0,0,0,0,1.38,0,0,0,0,0,0
    sea salt,0.002,ounce-weight,0.57,,,,,,,,,,,,,,,,,,,,,,,,,,,,,,,,,,,,,,,,,,,,,,,,,,,219.24,,,,,,
Total,1,Serving,180.71,264.08,44.95,6.81,11.35,43.43,8.28,2.07,5.44,1.98,1.29,29.69,5.03,0.76,2.34,1.15,0,0,103.97,4341.99,217.1,434.2,0,2183.73,0.18,0.05,0.41,0.58,0.13,0,1.03,19.6,0,0,0.55,16.26,16.26,25.59,0.15,76.98,0.17,0.05,0.03,0.53,4.11,50.34,0.25,3.82,158.11,333.01,0.35,252.29,0.21,0.03,0.24,0,0,8.54
,,,,,,,,,,,,,,,,,,,,,,,,,,,,,,,,,,,,,,,,,,,,,,,,,,,,,,,,,,,,
Roasted Veggies,1,Serving,218.39,114.56,17.83,2.68,3.78,23.23,6.84,1.79,8.89,0.98,0.26,7.5,2.01,0.3,1.27,0.31,0,0,186.07,5451.53,302.27,545.15,0,619.92,0.13,0.1,0.96,1.31,0.23,0,0.04,66.29,0,0,1.47,74.85,74.85,112.03,0.44,71.6,0,0.13,0,0,1.69,32.38,0.45,5.04,80.73,768.65,1.88,513.49,0.59,0.09,0.22,0,0,15.18
"    parsnips, fresh, sliced",0.097973,Pound,44.44,33.33,1.2,0.2,0.53,7.99,2.18,0.67,2.13,0,0,3.68,0.13,0.02,0.05,0.02,0,0,35.34,0,0,0,0,0,0.04,0.02,0.31,0.31,0.04,0,0.04,7.55,0,0,0.66,29.77,29.77,10,0.27,16,0,0.05,0,0,0.26,12.89,0.25,2.22,31.55,166.65,0.8,4.44,0.26,0,0.02,0,0,0
"    brussels sprouts, fresh",1.98649,Ounce-weight,56.32,24.22,1.52,0.31,1.9,5.04,2.14,1.13,1.24,0.98,0.26,1.66,0.17,0.03,0.01,0.09,0,0,48.43,424.62,21.23,42.46,0,253.42,0.08,0.05,0.42,0.77,0.12,0,0,47.87,0,0,0.5,34.35,34.35,99.68,0.17,23.65,0,0.04,0,0,0.79,12.95,0.19,2.82,38.86,219.07,0.9,14.08,0.24,0.06,0.03,0,0,10.76
"    carrots, fresh",2.50676,Ounce-weight,71.07,27.33,0,0,0.91,6.38,1.82,0,4.56,0,0,0,0,0,0,0,0,0,63.08,5011.02,250.55,501.1,0,0,0,0,0,0,0,0,0,5.47,0,0,0,0,0,0,0,18.22,0,0,0,0,0.33,0,0,0,0,227.77,0,54.67,0,0,0,0,0,0
"    oil, olive",0.121622,Tablespoon,1.64,14.51,14.51,2.04,0,0,0,0,0,0,0,0,1.64,0.23,1.2,0.17,0,0,0,0,0,0,0,0,0,0,0,0,0,0,0,0,0,0,0.24,0,0,0.99,0,0.02,0,0,0,0,0.01,0,0,0,0,0.02,0,0.03,0,0.01,0.16,0,0,0
"    chili peppers, red, crushed flakes",0.001267,Ounce-weight,0.04,0.11,0.06,0.01,0,0.02,0.01,0,0,0,0,0.01,0.01,0,0,0,0,0,0,14.94,0.75,1.49,0,7.84,0,0,0,0,0,0,0,0.03,0,0,0.01,0.04,0.04,0.03,0,0.05,0,0,0,0,0,0.05,0,0,0.11,0.72,0,0.01,0,0,0,0,0,0.02
"    oregano, dried, leaves",0.001267,Ounce-weight,0.04,0.1,0.01,0.01,0,0.02,0.02,0,0,0,0,0.01,0,0,0,0,0,0,0,0.61,0.03,0.06,0,0.36,0,0,0,0,0,0,0,0,0,0,0.01,0.09,0.09,0.22,0,0.57,0,0,0,0,0.01,0.1,0,0,0.05,0.45,0,0.01,0,0,0,0,0,0.01
"    basil, dried, ground",0.001267,Ounce-weight,0.04,0.08,0.01,0.01,0.01,0.02,0.01,0,0,0,0,0,0,0,0,0,0,0,0,0.27,0.01,0.03,0,0.14,0,0,0,0,0,0,0,0,0,0,0,0.11,0.11,0.62,0,0.8,0,0,0,0,0.03,0.26,0,0,0.1,0.94,0,0.03,0,0,0,0,0,0.02
"    black pepper, ground",0.000422,Ounce-weight,0.01,0.03,0,0,0,0.01,0,0,0,0,0,0,0,0,0,0,0,0,0,0.07,0,0.01,0,0.04,0,0,0,0,0,0,0,0,0,0,0,0,0,0.02,0,0.05,0,0,0,0,0,0.02,0,0,0.02,0.16,0,0,0,0,0,0,0,0
"    squash, winter, fresh",1.54054,Ounce-weight,43.67,14.85,0.51,0.11,0.41,3.75,0.66,0,0.96,0,0,2.14,0.06,0.01,0,0.02,0,0,39.2,0,29.7,0,0,358.12,0.01,0.03,0.22,0.22,0.07,0,0,5.37,0,0,0.05,10.48,10.48,0.48,0,12.23,0,0.03,0,0,0.25,6.11,0,0,10.04,152.86,0.17,1.75,0.09,0.02,0.01,0,0,4.37
    sea salt,0.04,ounce-weight,1.13,,,,,,,,,,,,,,,,,,,,,,,,,,,,,,,,,,,,,,,,,,,,,,,,,,,438.47,,,,,,
Total,1,Serving,218.39,114.56,17.83,2.68,3.78,23.23,6.84,1.79,8.89,0.98,0.26,7.5,2.01,0.3,1.27,0.31,0,0,186.07,5451.53,302.27,545.15,0,619.92,0.13,0.1,0.96,1.31,0.23,0,0.04,66.29,0,0,1.47,74.85,74.85,112.03,0.44,71.6,0,0.13,0,0,1.69,32.38,0.45,5.04,80.73,768.65,1.88,513.49,0.59,0.09,0.22,0,0,15.18
,,,,,,,,,,,,,,,,,,,,,,,,,,,,,,,,,,,,,,,,,,,,,,,,,,,,,,,,,,,,
Perfect Pot Pie,1,Serving,31404,602.94,294.75,40.52,18.09,64.04,13.68,1.94,7.18,1.08,0.88,43.18,33.06,4.5,17.17,5.5,0,0,155.77,1977.21,98.86,197.72,0,283.83,0.41,0.1,0.8,1.76,0.2,0,1.19,32.37,0,0,2.69,148.67,148.67,35.75,0.63,111.75,0,0.18,0.04,0.51,5.72,30.54,4.37,3.43,88.36,566.5,0.97,766.07,0.85,2.05,2.24,0,0,33.17
"    oat flour, whole grain",1.75,Ounce-weight,49.61,198.45,44.65,7.44,6.61,34.73,4.96,0,0,0,0,29.77,4.96,0.83,0,0,0,0,0,0,0,0,0,0,0.25,0,0,0,0,0,0,0,0,0,0,0,0,0,0,33.07,0,0,0,0,2.38,0,0,0,0,173.64,0,0,0,0,0,0,0,0
"    flax seed meal, ground, organic",0.357955,Ounce-weight,10.15,46.84,24.59,0,2.34,3.9,3.12,0.78,0,0,0,0.78,2.73,0,0.39,1.95,0,0,0,4.97,0.25,0.5,0,0,0,0,0,0,0,0,0,0,0,0,0,0,0,0,0,21.01,0,0,0,0,0.68,0,0,0,0,0,0,3.9,0,1.87,0,0,0,0
"    water, tap",1.68182,Fluid ounce,49.78,0,0,0,0,0,0,0,0,0,0,0,0,0,0,0,0,0,49.73,0,0,0,0,0,0,0,0,0,0,0,0,0,0,0,0,0,0,0,0,1.49,0,0,0.04,0,0,0.5,0,0,0,0,0,1.99,0,0,0,0,0,0
"    oil, olive",0.636364,Fluid ounce,17.18,151.89,151.89,21.35,0,0,0,0,0,0,0,0,17.18,2.37,12.54,1.81,0,0,0,0,0,0,0,0,0,0,0,0,0,0,0,0,0,0,2.47,0,0,10.34,0,0.17,0,0,0,0,0.1,0,0,0,0,0.17,0,0.34,0,0.13,1.68,0,0,0.05
"    onion, white, fresh, chopped",0.698864,Ounce-weight,19.81,7.92,0.18,0.07,0.22,1.85,0.34,0,0.84,0.64,0.2,0.67,0.02,0.01,0,0,0,0,17.65,0.4,0.02,0.04,0,0.2,0.01,0.01,0.02,0.07,0.02,0,0.69,1.47,0,0,0,3.76,3.76,0.08,0.02,4.56,0,0.01,0,0.4,0.04,1.98,0.03,0.99,5.75,28.93,0.1,0.79,0.03,0,0,0,0,1.21
"    cauliflower florets, fresh",0.619318,Ounce-weight,17.56,4.39,0.44,0.21,0.34,0.87,0.35,0.13,0.34,0.34,0,0.19,0.05,0.02,0.01,0.01,0,0,16.17,0,0,0,0,0,0.01,0.01,0.09,0.15,0.03,0,0.3,8.46,0,0,0.01,10.01,10.01,2.72,0.12,3.86,0,0.01,0,0,0.07,2.63,0.03,0.88,7.73,52.5,0.11,5.27,0.05,0,0,0,0,7.78
"    scallions, fresh, tops & bulb, chopped",0.193182,Ounce-weight,5.48,1.75,0.09,0.02,0.1,0.4,0.14,0.04,0.13,0,0,0.13,0.01,0,0,0,0,0,4.92,54.6,2.73,5.46,0,32.75,0,0,0.03,0.05,0,0,0.19,1.03,0,0,0.03,3.51,3.51,11.34,0,3.94,0,0,0,0.11,0.08,1.1,0.01,0,2.03,15.12,0.03,0.88,0.02,0,0,0,0,0.31
"    chickpeas, dry",0.698864,Ounce-weight,19.81,74.89,10.77,1.08,4.06,12.47,2.42,0.87,2.12,0,0,7.93,1.2,0.12,0.27,0.54,0,0,1.52,13.27,0.66,1.33,0,7.92,0.09,0.04,0.31,0.97,0.11,0,0,0.79,0,0,0.16,110.36,110.36,1.78,0.31,11.29,0,0.13,0,0,0.85,15.65,4.22,0,49.93,142.25,0,4.75,0.55,0.02,0.52,0,0,19.67
"    chives, fresh",0.090909,Ounce-weight,2.58,0.77,0.17,0.03,0.08,0.11,0.06,0.02,0.05,0,0,0,0.02,0,0,0.01,0,0,2.34,112.19,5.61,11.22,0,67.32,0,0,0.02,0.03,0,0,0,1.5,0,0,0.01,2.71,2.71,5.48,0.01,2.37,0,0,0,0,0.04,1.08,0.01,0.13,1.49,7.63,0.02,0.08,0.01,0,0.01,0,0,0.13
"    celery, fresh, stalk",0.431818,Ounce-weight,12.24,1.67,0,0,0,0.45,0.22,0,0.22,0,0,0,0,0,0,0,0,0,11.7,55.64,2.78,5.56,0,0,0,0,0,0,0,0,0,1,0,0,0,0,0,0,0,4.45,0,0,0,0,0.04,0,0,0,0,28.94,0,12.8,0,0,0,0,0,0
"    carrots, fresh",0.505682,Ounce-weight,14.34,5.51,0,0,0.18,1.29,0.37,0,0.92,0,0,0,0,0,0,0,0,0,12.73,1010.86,50.54,101.09,0,0,0,0,0,0,0,0,0,1.1,0,0,0,0,0,0,0,3.68,0,0,0,0,0.07,0,0,0,0,45.95,0,11.03,0,0,0,0,0,0
"    broccoli florets, fresh",0.505682,Ounce-weight,14.34,4.01,0.45,0.07,0.43,0.73,0.33,0.04,0.21,0,0,0.18,0.05,0.01,0,0.02,0,0,13,430.08,21.5,43.01,0,0,0.01,0.02,0.09,0.16,0.02,0,0,13.36,0,0,0,10.18,10.18,0,0.08,6.88,0,0.01,0,0,0.13,3.58,0.03,0.72,9.46,46.59,0.43,3.87,0.06,0.02,0.01,0,0,0
"    peas, green, frozen",0.505682,Ounce-weight,14.34,11.04,0.52,0.09,0.75,1.95,0.65,0.06,0.72,0.05,0.67,0.59,0.06,0.01,0,0.03,0,0,11.47,295.03,14.75,29.5,0,175.61,0.04,0.01,0.25,0.33,0.01,0,0,2.58,0,0,0,7.6,7.6,4,0.08,3.15,0,0.02,0,0,0.22,3.73,0.05,0.72,11.76,21.93,0.27,15.48,0.12,0,0.02,0,0,3.87
"    lemon juice, fresh",0.011364,Cup,2.77,0.61,0.06,0.01,0.01,0.19,0.01,0,0.07,0.06,0.01,0.11,0.01,0,0,0,0,0,2.56,0.17,0.01,0.02,0,0.03,0,0,0,0,0,0,0.01,1.07,0,0,0,0.55,0.55,0,0,0.17,0,0,0,0,0,0.17,0,0,0.22,2.86,0,0.03,0,0,0,0,0,0.14
"        cashews, raw, whole",0.557288,Ounce-weight,15.8,90.28,60.94,10.16,2.82,4.51,0.56,0,1.13,0,0,2.82,6.77,1.13,3.95,1.13,0,0,0,0,0,0,0,0,0,0,0,0,0,0,0,0,0,0,0,0,0,0,0,11.28,0,0,0,0,1.02,0,0,0,0,0,0,2.82,0,0,0,0,0,0
"        water, tap",0.050663,Cup,12,0,0,0,0,0,0,0,0,0,0,0,0,0,0,0,0,0,11.98,0,0,0,0,0,0,0,0,0,0,0,0,0,0,0,0,0,0,0,0,0.36,0,0,0.01,0,0,0.12,0,0,0,0,0,0.48,0,0,0,0,0,0
    Euphebe Organic Vegetable Stock,0.151989,Cup,34.45,2.91,0,0,0.14,0.58,0.14,0,0.44,0,0,0,0,0,0,0,0,0,0,0,0,0,0,0,0,0,0,0,0,0,0,0,0,0,0,0,0,0,0,0,0,0,0,0,0,0,0,0,0,0,0,0,0,0,0,0,0,0
    sea salt,0.064,ounce-weight,1.81,,,,,,,,,,,,,,,,,,,,,,,,,,,,,,,,,,,,,,,,,,,,,,,,,,,701.56,,,,,,
Total,1,Serving,314.04,602.94,294.75,40.52,18.09,64.04,13.68,1.94,7.18,1.08,0.88,43.18,33.06,4.5,17.17,5.5,0,0,155.77,1977.21,98.86,197.72,0,283.83,0.41,0.1,0.8,1.76,0.2,0,1.19,32.37,0,0,2.69,148.67,148.67,35.75,0.63,111.75,0,0.18,0.04,0.51,5.72,30.54,4.37,3.43,88.36,566.5,0.97,766.07,0.85,2.05,2.24,0,0,33.17
,,,,,,,,,,,,,,,,,,,,,,,,,,,,,,,,,,,,,,,,,,,,,,,,,,,,,,,,,,,,
"Magic Mac ""Un"" Cheese",1,Serving,404.12,401.52,116.02,19.35,18.05,55.85,8.83,0.66,9.29,3.4,0.61,37.74,12.91,2.15,7.39,2.13,0,0,225.84,11287.52,564.38,1128.75,0,4174.85,0.9,0.78,5.63,6.39,0.87,1.1,1.86,86.2,5.1,0.11,1.4,94.16,94.16,12.48,1.45,109.51,0.09,0.18,0.02,0,3.45,59.01,0.63,10.04,140.48,1040.49,4.58,702.13,1.02,0.09,0.18,0.48,0,29.25
"    shallots, fresh, chopped",0.5,Ounce-weight,14.17,10.21,0.13,0.02,0.35,2.38,0.45,0,1.12,0,0,0.81,0.01,0,0,0.01,0,0,11.31,0.57,0.03,0.06,0,0.43,0.01,0,0.03,0.09,0.05,0,0,1.13,0,0,0.01,4.82,4.82,0.11,0.04,5.24,0,0.01,0,0,0.17,2.98,0.04,0.71,8.5,47.34,0.17,1.7,0.06,0,0.01,0,0,1.6
"    garlic cloves, fresh",0.166667,Ounce-weight,4.72,7.04,0.21,0.04,0.3,1.56,0.1,0,0.05,0,0,1.42,0.02,0,0,0.01,0,0,2.77,0.43,0.02,0.04,0,0.24,0.01,0.01,0.03,0.09,0.06,0,0,1.47,0,0,0,0.14,0.14,0.08,0.03,8.55,0,0.01,0,0,0.08,1.18,0.08,0,7.23,18.95,0.67,0.8,0.05,0,0.01,0,0,1.1
"    oil, olive",0.041667,Fluid ounce,1.12,9.94,9.94,1.4,0,0,0,0,0,0,0,0,1.12,0.16,0.82,0.12,0,0,0,0,0,0,0,0,0,0,0,0,0,0,0,0,0,0,0.16,0,0,0.68,0,0.01,0,0,0,0,0.01,0,0,0,0,0.01,0,0.02,0,0.01,0.11,0,0,0
"    wine, cooking, white",0.166667,Fluid ounce,5,3.33,0,0,0,0,0,0,0,0,0,0,0,0,0,0,0,0,0,0,0,0,0,0,0,0,0,0,0,0,0,0,0,0,0,0,0,0,0,0,0,0,0,0,0,0,0,0,0,0,0,31.67,0,0,0,0.48,0,0
"    cauliflower florets, fresh",2,Ounce-weight,56.7,14.17,1.43,0.66,1.09,2.82,1.13,0.41,1.08,1.08,0,0.6,0.16,0.07,0.02,0.02,0,0,52.2,0,0,0,0,0,0.03,0.03,0.29,0.48,0.1,0,0.96,27.33,0,0,0.05,32.32,32.32,8.79,0.38,12.47,0,0.02,0,0,0.24,8.5,0.09,2.83,24.95,169.53,0.34,17.01,0.15,0.01,0.01,0,0,25.12
"    squash, butternut, fresh, cubes",0.166667,Pound,75.6,34.02,0.68,0.14,0.76,8.84,1.51,0,1.66,1.5,0.17,5.66,0.08,0.02,0.01,0.03,0,0,65.32,8036.14,401.81,803.61,0,3194.8,0.08,0.02,0.91,1.08,0.12,0,0,15.88,0,0,1.09,20.41,20.41,0.83,0.3,36.29,0,0.05,0,0,0.53,25.7,0.15,3.78,24.95,266.11,0.38,3.02,0.11,0.02,0.01,0,0,0
"    carrots, fresh, chopped",0.416667,Ounce-weight,11.81,4.84,0.26,0.04,0.11,1.13,0.33,0.14,0.56,0.13,0.42,0.24,0.03,0,0,0.01,0,0,10.43,1973.36,98.67,197.34,0,978.65,0.01,0.01,0.12,0.13,0.02,0,0.04,0.7,0,0,0.08,2.24,2.24,1.56,0.03,3.9,0.05,0.01,0,0,0.04,1.42,0.02,0.59,4.13,37.8,0.01,8.15,0.03,0,0.01,0,0,1.04
"    broccoli florets, fresh",1.5,Ounce-weight,42.52,11.91,1.34,0.21,1.27,2.15,0.98,0.11,0.63,0,0,0.54,0.15,0.02,0.01,0.07,0,0,38.57,1275.73,63.79,127.57,0,0,0.03,0.05,0.27,0.48,0.07,0,0,39.63,0,0,0,30.19,30.19,0,0.23,20.41,0,0.02,0,0,0.37,10.63,0.1,2.13,28.07,138.2,1.28,11.48,0.17,0.05,0.02,0,0,0
"    mushrooms, shiitake, fresh",1,Ounce-weight,28.35,9.64,1.25,0,0.64,1.92,0.71,0,0.67,0.67,0,0.54,0.14,0,0,0,0,0,25.44,0,0,0,0,0,0,0.06,1.1,1.14,0.08,0,0,0,5.1,0.11,0,3.69,3.69,0,0.43,0.57,0,0.04,0,0,0.12,5.67,0.07,0,31.75,86.18,1.62,2.55,0.29,0,0,0,0,0
    nutritional yeast,0.25,Tablespoon,0.94,3.62,0.37,0.06,0.47,0.34,0.19,0,0,0,0,0.15,0.04,0.01,0.03,0,0,0,0,0,0,0,0,0,0.74,0.61,2.88,2.88,0.37,1.1,0.86,0,0,0,0,0,0,0,0.01,0.38,0,0,0,0,0.05,1.39,0.01,0,8.08,16.5,0,1.63,0.12,0,0,0,0,0
"    mustard, dijon",0.333333,Teaspoon,1.67,1.67,0,0,0,0,0,0,0,0,0,0,0,0,0,0,0,0,0,0,0,0,0,0,0,0,0,0,0,0,0,0,0,0,0,0,0,0,0,0,0,0,0,0,0,0,0,0,0,0,0,40,0,0,0,0,0,0
"    pasta, penne, lentil, dry, 10847, food service",1.33333,Ounce-weight,37.8,133.33,0,0,8,25.33,2,0,0.67,0,0,22.67,0,0,0,0,0,0,0,0,0,0,0,0,0,0,0,0,0,0,0,0,0,0,0,0,0,0,0,0,0,0,0,0,0,0,0,0,0,246.66,0,0,0,0,0,0,0,0
"    turmeric, ground",0.008333,Ounce-weight,0.24,0.74,0.07,0.04,0.02,0.16,0.05,0,0.01,0,0.01,0.1,0.01,0,0,0,0,0,0.03,0,0,0,0,0,0,0,0,0.01,0,0,0,0,0,0,0.01,0.05,0.05,0.03,0,0.4,0,0,0,0,0.13,0.49,0.05,0,0.71,4.91,0.01,0.06,0.01,0,0,0,0,0.12
    garlic powder,0.008333,Ounce-weight,0.24,0.78,0.02,0.01,0.04,0.17,0.02,0,0.01,0,0,0.14,0,0,0,0,0,0,0.02,0,0,0,0,0,0,0,0,0.01,0,0,0,0,0,0,0,0.11,0.11,0,0,0.19,0,0,0,0,0.01,0.18,0,0,0.98,2.82,0.06,0.14,0.01,0,0,0,0,0.16
    onion powder,0.008333,Ounce-weight,0.24,0.81,0.02,0,0.02,0.19,0.04,0,0.02,0.01,0.01,0.14,0,0,0,0,0,0,0.01,0,0,0,0,0,0,0,0,0,0,0,0,0.06,0,0,0,0.15,0.15,0.01,0,0.91,0,0,0,0,0.01,0.27,0,0,0.76,2.33,0.03,0.17,0.01,0,0,0,0,0.09
"    black pepper, ground",0.008333,Ounce-weight,0.24,0.59,0.07,0.03,0.02,0.15,0.06,0,0,0,0,0.09,0.01,0,0,0,0,0,0.03,1.29,0.06,0.13,0,0.73,0,0,0,0,0,0,0,0,0,0,0,0.04,0.04,0.39,0,1.05,0.04,0,0,0,0.02,0.4,0.03,0,0.37,3.14,0.01,0.05,0,0,0,0,0,0.03
"        cashews, raw, whole",0.916667,Ounce-weight,25.99,148.5,100.24,16.71,4.64,7.42,0.93,0,1.86,0,0,4.64,11.14,1.86,6.5,1.86,0,0,0,0,0,0,0,0,0,0,0,0,0,0,0,0,0,0,0,0,0,0,0,18.56,0,0,0,0,1.67,0,0,0,0,0,0,4.64,0,0,0,0,0,0
"        water, tap",0.083333,Cup,19.73,0,0,0,0,0,0,0,0,0,0,0,0,0,0,0,0,0,19.71,0,0,0,0,0,0,0,0,0,0,0,0,0,0,0,0,0,0,0,0,0.59,0,0,0.01,0,0,0.2,0,0,0,0,0,0.79,0,0,0,0,0,0
    Euphebe Organic Vegetable Stock,2.66667,Fluid ounce,75.54,6.38,0,0,0.32,1.28,0.32,0,0.96,0,0,0,0,0,0,0,0,0,0,0,0,0,0,0,0,0,0,0,0,0,0,0,0,0,0,0,0,0,0,0,0,0,0,0,0,0,0,0,0,0,0,0,0,0,0,0,0,0
"    sea salt, california",0.05275,Ounce-weight,1.5,0,0,0,0,0,0,0,0,0,0,0,0,0,0,0,0,0,0,0,0,0,0,0,0,0,0,0,0,0,0,0,0,0,0,0,0,0,0,0,0,0,0,0,0,0,0,0,0,0,0,578.24,0,0,0,0,0,0
Total,1,Serving,404.12,401.52,116.02,19.35,18.05,55.85,8.83,0.66,9.29,3.4,0.61,37.74,12.91,2.15,7.39,2.13,0,0,225.84,11287.52,564.38,1128.75,0,4174.85,0.9,0.78,5.63,6.39,0.87,1.1,1.86,86.2,5.1,0.11,1.4,94.16,94.16,12.48,1.45,109.51,0.09,0.18,0.02,0,3.45,59.01,0.63,10.04,140.48,1040.49,4.58,702.13,1.02,0.09,0.18,0.48,0,29.25
,,,,,,,,,,,,,,,,,,,,,,,,,,,,,,,,,,,,,,,,,,,,,,,,,,,,,,,,,,,,
Spicy Breadcrumbs,1,Serving,14.04,39.97,12.1,1.48,1.49,5.56,1.13,0,0.38,0,0,4.05,1.36,0.16,0.85,0.13,0,0,0.22,61.01,3.05,6.1,0,32.97,0,0,0.01,0.02,0,0,0,0.18,0,0,0.2,0.48,0.48,0.8,0,0.35,0,0,0,0,0.28,0.18,0,0.01,0.48,32.47,0.01,62.31,0.01,0.01,0.12,0,0,0.09
"    bread, sprouted seven grain",0.365591,Slice,12.43,29.25,1.65,0,1.46,5.48,1.1,0,0.37,0,0,4.02,0.18,0,0,0,0,0,0,0,0,0,0,0,0,0,0,0,0,0,0,0,0,0,0,0,0,0,0,0,0,0,0,0,0.26,0,0,0,0,29.25,0,29.25,0,0,0,0,0,0
"    seaweed, nori, fresh",0.008602,Ounce-weight,0.24,0.09,0.01,0,0.01,0.01,0,0,0,0,0,0.01,0,0,0,0,0,0,0.21,12.69,0.63,1.27,0,7.61,0,0,0,0.01,0,0,0,0.1,0,0,0,0.36,0.36,0.01,0,0.17,0,0,0,0,0,0,0,0.01,0.14,0.87,0,0.12,0,0,0,0,0,0.03
"    chili peppers, red, crushed flakes",0.021505,Tablespoon,0.12,0.37,0.18,0.03,0.01,0.07,0.03,0,0.01,0,0,0.02,0.02,0,0,0.01,0,0,0.01,48.32,2.42,4.83,0,25.36,0,0,0.01,0.01,0,0,0,0.09,0,0,0.03,0.12,0.12,0.09,0,0.17,0,0,0,0,0.01,0.18,0,0,0.34,2.34,0.01,0.03,0,0,0.01,0,0,0.06
"    oil, olive",0.043011,Fluid ounce,1.16,10.27,10.27,1.44,0,0,0,0,0,0,0,0,1.16,0.16,0.85,0.12,0,0,0,0,0,0,0,0,0,0,0,0,0,0,0,0,0,0,0.17,0,0,0.7,0,0.01,0,0,0,0,0.01,0,0,0,0,0.01,0,0.02,0,0.01,0.11,0,0,0
"    sea salt, california",0.003,Ounce-weight,0.09,0,0,0,0,0,0,0,0,0,0,0,0,0,0,0,0,0,0,0,0,0,0,0,0,0,0,0,0,0,0,0,0,0,0,0,0,0,0,0,0,0,0,0,0,0,0,0,0,0,0,32.89,0,0,0,0,0,0
Total,1,Serving,14.04,39.97,12.1,1.48,1.49,5.56,1.13,0,0.38,0,0,4.05,1.36,0.16,0.85,0.13,0,0,0.22,61.01,3.05,6.1,0,32.97,0,0,0.01,0.02,0,0,0,0.18,0,0,0.2,0.48,0.48,0.8,0,0.35,0,0,0,0,0.28,0.18,0,0.01,0.48,32.47,0.01,62.31,0.01,0.01,0.12,0,0,0.09
