MEAL,Cals (kcal),Prot (g),Fat (g),Carb (g),TotFib (g),Sugar (g),,Course,Quantity,Measure,Wgt (g),,FatCals (kcal),SatCals (kcal),,Carb (g),TotFib (g),TotSolFib (g),,MonSac (g),Disacc (g),OCarb (g),Fat (g),SatFat (g),MonoFat (g),PolyFat (g),TransFat (g),Chol (mg),Water (g),Vit A-IU (IU),Vit A-RAE (mcg),Caroten (mcg),Retinol (mcg),BetaCaro (mcg),Vit B1 (mg),Vit B2 (mg),Vit B3 (mg),Vit B3-NE (mg),Vit B6 (mg),Vit B12 (mcg),Biot (mcg),Vit C (mg),Vit D-IU (IU),Vit D-mcg (mcg),Vit E-a-Toco (mg),Folate (mcg),Fol_DFE (mcg DFE),Vit K (mcg),Panto (mg),Calc (mg),Chrom (mcg),Copp (mg),Fluor (mg),Iodine (mcg),Iron (mg),Magn (mg),Mang (mg),Moly (mcg),Phos (mg),Pot (mg),Sel (mcg),Sod (mg),Zinc (mg),Omega3 (g),Omega6 (g),Alc (g),Caff (mg),Chln (mg)
,,,,,,,,,,,,,,,,,,,,,,,,,,,,,,,,,,,,,,,,,,,,,,,,,,,,,,,,,,,,,,,,,,,,
Wild Rice Salad,518.99,15.84,20.78,73.38,9.61,7.68,,Lunch,1,Serving,238.13,,185.35,22.31,,73.38,9.61,0.78,,2.11,0.53,56.09,20.78,2.48,10.81,5.53,0,0,121.2,8916.39,445.82,891.64,0,3595.03,0.35,0.17,5.61,7.5,0.48,0,0.46,44.02,0,0,1.96,83.55,83.55,59.98,1.15,108.1,0.13,0.37,--,0.06,3.33,133.23,1.66,5.49,297.6,653.93,7.5,763,2.96,0.16,0.48,0,0,24.92
    wild rice,118.08,4.87,0.36,24.77,2.05,0.83,,,0.072917,Pound,33.07,,3.21,0.46,,24.77,2.05,--,,--,--,21.9,0.36,0.05,0.05,0.22,0,0,2.57,6.28,0.31,0.63,0,3.64,0.04,0.09,2.23,3.21,0.13,0,--,0,0,0,0.27,31.42,31.42,0.63,0.36,6.95,--,0.17,--,--,0.65,58.54,0.44,--,143.21,141.23,0.93,2.32,1.97,0.1,0.12,0,0,11.58
    butternut squash,36.68,0.82,0.08,9.53,1.63,1.79,,,2.875,Ounce-weight,81.5,,0.73,0.15,,9.53,1.63,--,,1.61,0.18,6.1,0.08,0.02,0.01,0.03,0,0,70.43,8663.97,433.2,866.4,0,3444.4,0.08,0.02,0.98,1.17,0.13,0,--,17.12,0,0,1.17,22.01,22.01,0.9,0.33,39.12,--,0.06,--,--,0.57,27.71,0.16,4.08,26.9,286.9,0.41,3.26,0.12,0.02,0.01,0,0,--
    pistachios,184.08,6.5,15.16,8.66,3.25,2.17,,,1.14583,Ounce-weight,32.48,,136.43,14.62,,8.66,3.25,--,,--,--,3.25,15.16,1.62,7.58,4.33,0,0,--,0,0,0,0,0,--,--,--,--,--,--,--,1.3,--,--,--,--,--,--,--,43.31,--,--,--,--,1.17,--,--,--,--,--,--,10.83,--,--,--,0,0,--
    pomegranate,6.86,0.14,0.1,1.55,0.33,1.13,,,0.291667,Ounce-weight,8.27,,0.87,0.09,,1.55,0.33,0.07,,--,--,0.09,0.1,0.01,0.01,0.01,0,0,6.44,0,0,0,0,0,0.01,0,0.02,0.02,0.01,0,--,0.84,0,0,0.05,3.14,3.14,1.36,0.03,0.83,--,0.01,--,--,0.02,0.99,0.01,--,2.98,19.51,0.04,0.25,0.03,0,0.01,0,0,0.63
    scallions,1.04,0.06,0.01,0.24,0.08,0.08,,,0.114583,Ounce-weight,3.25,,0.06,0.01,,0.24,0.08,0.03,,--,--,0.08,0.01,0,0,0,0,0,2.92,32.39,1.62,3.24,0,19.43,0,0,0.02,0.03,0,0,0.11,0.61,0,0,0.02,2.08,2.08,6.72,0,2.34,--,0,--,0.06,0.05,0.65,0.01,--,1.2,8.97,0.02,0.52,0.01,0,0,0,0,0.19
    red wine vinegar,2.12,0,0,0.03,0,0,,,0.046875,Cup,11.17,,0,0,,0.03,0,0,,0,0,0.03,0,0,0,0,0,--,10.56,0,0,0,--,--,--,--,--,--,--,--,--,0.06,--,--,--,--,--,--,--,0.67,--,0,--,--,0.05,0.45,0.01,--,0.89,4.36,--,0.89,0,0,0,0,0,--
    olive oil,33.75,0,3.94,0,0,0,,,0.28125,Tablespoon,3.94,,33.75,5.06,,0,0,0,,0,0,0,3.94,0.56,2.81,0.56,--,0,0,0,0,0,0,0,--,--,--,0,--,--,--,0,0,0,--,--,0,--,--,0,--,--,--,--,0,--,--,--,--,--,--,0,--,--,--,0,0,--
    date sugar,2.81,0,0,0.84,0,0.84,,,0.09375,Tablespoon,1.13,,0,0,,0.84,0,0,,--,--,0,0,0,0,0,0,0,--,0,0,0,0,0,--,--,--,--,--,--,--,0,--,--,--,--,--,--,--,0,--,--,--,--,0,--,--,--,--,--,--,0,--,0,0,0,0,--
    brussels sprouts,12.19,0.96,0.09,2.54,1.08,0.62,,,0.0625,Pound,28.35,,0.77,0.16,,2.54,1.08,0.57,,0.49,0.13,0.84,0.09,0.02,0.01,0.04,0,0,24.38,213.76,10.69,21.38,0,127.57,0.04,0.03,0.21,0.39,0.06,0,--,24.1,0,0,0.25,17.29,17.29,50.18,0.09,11.91,--,0.02,--,--,0.4,6.52,0.1,1.42,19.56,110.28,0.45,7.09,0.12,0.03,0.01,0,0,5.41
    brown rice,121.38,2.49,1.06,25.22,1.19,0.22,,,0.072917,Pound,33.07,,9.53,1.76,,25.22,1.19,0.12,,0,0.22,23.81,1.06,0.2,0.35,0.33,0,0,3.9,0,0,0,0,0,0.18,0.03,2.15,2.68,0.16,0,0.34,0,0,0,0.2,7.61,7.61,0.2,0.35,2.98,0.13,0.1,--,--,0.43,38.37,0.94,--,102.86,82.69,5.66,1.65,0.7,0.01,0.32,0,0,7.11
    sea salt,,,,,,,,,0.067,ounce-weight,1.8994165,,,,,,,,,,,,,,,,,,,,,,,,,,,,,,,,,,,,,,,,,,,,,,,,,,,736.129,,,,,,
Total,518.99,15.84,20.78,73.38,9.61,7.68,,,1,Serving,238.13,,185.35,22.31,,73.38,9.61,0.78,,2.11,0.53,56.09,20.78,2.48,10.81,5.53,0,0,121.2,8916.39,445.82,891.64,0,3595.03,0.35,0.17,5.61,7.5,0.48,0,0.46,44.02,0,0,1.96,83.55,83.55,59.98,1.15,108.1,0.13,0.37,--,0.06,3.33,133.23,1.66,5.49,297.6,653.93,7.5,763,2.96,0.16,0.48,0,0,24.92
,,,,,,,,,,,,,,,,,,,,,,,,,,,,,,,,,,,,,,,,,,,,,,,,,,,,,,,,,,,,,,,,,,,,
Butternut Squash Risotto with Spicy Pumpkin Seeds,454.1,15.16,6.72,79.56,10.67,7.54,,Dinner,1,Serving,503.27,,59.72,8.25,,79.56,10.67,0.34,,3.67,0.67,59.31,6.72,0.92,4.16,0.79,0,0,170.62,12290.59,614.53,1229.06,0,4894.28,0.62,0.42,3.27,3.83,0.49,0.66,2.01,27.47,0,0,2.33,57.61,57.61,4.2,0.57,160.92,--,0.13,0.06,0.85,2.88,58.76,0.55,7.89,81.99,578.26,1.42,769,0.52,0.08,0.48,3.15,0,2.62
    Organic vegetable stock,16.7,0.83,0,3.34,0.83,2.5,,,6.68,Fluid ounce,197.55,,0,0,,3.34,0.83,--,,--,--,0,0,0,0,0,0,0,--,0,0,0,0,0,--,--,--,--,--,--,--,0,--,--,--,--,--,--,--,0,--,--,--,--,0,--,--,--,--,--,--,0,--,0,0,0,0,--
    white cooking wine,24.7,0.02,0,0.64,0,0.28,,,0.125,Cup,29.4,,0,0,,0.64,0,0,,--,--,0.35,0,0,0,0,0,--,25.53,--,--,--,--,--,0,0,0.03,0.03,0.01,0,--,0,--,--,--,0.29,0.29,--,0.01,2.65,--,0,0.06,--,0.08,2.94,0.03,--,5.29,20.87,0.03,1.47,0.04,0,0,3.15,--,--
    yellow onion,17.01,0.47,0.04,3.97,0.72,1.8,,,1.5,Ounce-weight,42.52,,0.38,0.16,,3.97,0.72,--,,1.38,0.42,1.45,0.04,0.02,0.01,0.01,0,0,37.89,0.85,0.04,0.09,0,0.43,0.02,0.01,0.05,0.15,0.05,0,1.49,3.15,0,0,0.01,8.08,8.08,0.17,0.05,9.78,--,0.02,0,0.85,0.09,4.25,0.05,2.13,12.33,62.09,0.21,1.7,0.07,0,0.01,0,0,2.59
    garlic,14.03,0,0.47,0,0,0,,,0.165,Ounce-weight,4.68,,4.21,--,,0,0,0,,0,0,0,0.47,--,--,--,0,0,3.2,--,--,--,--,--,--,--,--,--,--,--,--,--,--,--,--,--,--,--,--,--,--,--,--,--,--,--,--,--,--,--,--,0,--,--,--,0,0,--
    farro,250.04,10.72,0,53.58,5.36,0,,,2.835,Ounce-weight,80.37,,0,0,,53.58,5.36,--,,0,0,48.22,0,0,0,0,0,0,--,0,0,0,0,0,--,--,--,--,--,--,--,0,--,--,--,--,--,--,--,71.44,--,--,--,--,1.29,--,--,--,--,--,--,44.65,--,0,0,0,0,--
    butternut squash,51.86,1.15,0.12,13.47,2.3,2.54,,,4.065,Ounce-weight,115.24,,1.04,0.22,,13.47,2.3,--,,2.28,0.25,8.63,0.12,0.02,0.01,0.05,0,0,99.58,12250.1,612.5,1225.01,0,4870.08,0.12,0.02,1.38,1.65,0.18,0,--,24.2,0,0,1.66,31.12,31.12,1.27,0.46,55.32,--,0.08,--,--,0.81,39.18,0.23,5.76,38.03,405.65,0.58,4.61,0.17,0.03,0.02,0,0,--
    sage,2.19,0.07,0.08,0.29,--,--,,,0.065,Ounce-weight,1.84,,0.76,--,,0.29,--,--,,--,--,--,0.08,--,--,--,0,--,1.22,39.62,1.98,3.96,0,23.77,0,--,--,--,--,0,--,--,0,0,--,--,--,--,--,11.06,--,--,--,--,--,2.95,0.17,--,0.61,7.19,--,0.07,0.03,--,--,0,0,--
    olive oil,40.58,0,4.59,0,0,0,,,0.17,Fluid ounce,4.59,,40.58,5.7,,0,0,0,,0,0,0,4.59,0.63,3.35,0.48,--,0,0,0,0,0,0,0,0,0,0,0,0,0,--,0,0,0,0.66,0,0,2.76,0,0.05,--,0,--,--,0.03,0,0,--,0,0.05,0,0.09,0,0.03,0.45,0,0,0.01
    white beans,15.72,0.99,0.06,2.91,1.16,--,,,0.165,Ounce-weight,4.68,,0.5,0.13,,2.91,1.16,0.34,,--,--,--,0.06,0.01,0,0.02,0,0,0.55,0,0,0,0,--,0.03,0.01,0.06,0.26,0.02,0,--,0,0,0,--,18.06,18.06,--,0.03,8.09,--,0.03,--,--,0.36,8.56,0.06,--,20.82,72.13,0.6,0.56,0.13,0.01,0.01,0,0,--
    nutritional yeast,2.19,0.29,0.02,0.2,0.12,0,,,0.02,Ounce-weight,0.57,,0.22,0.04,,0.2,0.12,--,,0,0,0.09,0.02,0,0.02,0,0,0,--,0,0,0,0,0,0.45,0.37,1.74,1.74,0.22,0.66,0.52,0,--,--,--,--,--,--,0.01,0.23,--,--,--,--,0.03,0.84,0,--,4.89,9.98,--,0.99,0.07,--,--,0,0,--
    lemon juice,0.07,0,0,0.02,0,0.01,,,0.01,Fluid ounce,0.3,,0.01,0,,0.02,0,0,,0.01,0,0.01,0,0,0,0,0,0,0.28,0.02,0,0,0,0,0,0,0,0,0,0,0,0.12,0,0,0,0.06,0.06,0,0,0.02,--,0,--,--,0,0.02,0,--,0.02,0.31,0,0,0,0,0,0,0,0.02
    Organic vegetable stock,1.2,0.06,0,0.24,0.06,0.18,,,0.015,Quart,14.2,,0,0,,0.24,0.06,--,,--,--,0,0,0,0,0,0,0,--,0,0,0,0,0,--,--,--,--,--,--,--,0,--,--,--,--,--,--,--,0,--,--,--,--,0,--,--,--,--,--,--,0,--,0,0,0,0,--
    cashews,17.82,0.56,1.34,0.89,0.11,0.22,,,0.11,Ounce-weight,3.12,,12.03,2,,0.89,0.11,--,,--,--,0.56,1.34,0.22,0.78,0.22,0,0,--,0,0,0,0,0,--,--,--,--,--,--,--,0,--,--,--,--,--,--,--,2.23,--,--,--,--,0.2,--,--,--,--,--,--,0.56,--,--,--,0,0,--
    water,0,0,0,0,0,0,,,0.01,Cup,2.37,,0,0,,0,0,0,,0,0,0,0,0,0,0,0,0,2.37,0,0,0,0,0,0,0,0,0,0,0,--,0,0,0,0,0,0,0,0,0.07,--,0,0,--,0,0.02,0,--,0,0,0,0.09,0,0,0,0,0,0
    sea salt,,,,,,,,,0.065,ounce-weight,1.8427175,,,,,,,,,,,,,,,,,,,,,,,,,,,,,,,,,,,,,,,,,,,,,,,,,,,714.155,,,,,,
Total,454.1,15.16,6.72,79.56,10.67,7.54,,,1,Serving,503.27,,59.72,8.25,,79.56,10.67,0.34,,3.67,0.67,59.31,6.72,0.92,4.16,0.79,0,0,170.62,12290.59,614.53,1229.06,0,4894.28,0.62,0.42,3.27,3.83,0.49,0.66,2.01,27.47,0,0,2.33,57.61,57.61,4.2,0.57,160.92,--,0.13,0.06,0.85,2.88,58.76,0.55,7.89,81.99,578.26,1.42,769,0.52,0.08,0.48,3.15,0,2.62
,,,,,,,,,,,,,,,,,,,,,,,,,,,,,,,,,,,,,,,,,,,,,,,,,,,,,,,,,,,,,,,,,,,,
Spicy Pumpkin Seeds,85.46,4.25,6.66,1.89,1.42,0.47,,Dinner side,1,Serving,14.22,,59.94,14.94,,1.89,1.42,0,,0,0,0,6.66,1.66,0.03,0.01,0,0,0,48.19,2.41,4.82,0,0.49,0,0,0,0,0,0,--,0,0,0,0,0,0,0,--,0,--,0,--,--,1.28,0,0,--,0.01,0.05,0,2.36,0,0,0,0,0,0
    pumpkin seeds,85.05,4.25,6.61,1.89,1.42,0.47,,,0.5,Ounce-weight,14.17,,59.53,14.88,,1.89,1.42,--,,--,--,0,6.61,1.65,--,--,0,0,--,47.25,2.36,4.72,0,--,--,--,--,--,--,--,--,0,--,--,--,--,--,--,--,0,--,--,--,--,1.28,--,--,--,--,--,--,2.36,--,--,--,0,0,--
    olive oil,0.4,0,0.05,0,0,0,,,0.01,Teaspoon,0.05,,0.4,0.06,,0,0,0,,0,0,0,0.05,0.01,0.03,0.01,--,0,0,0,0,0,0,0,--,--,--,0,--,--,--,0,0,0,--,--,0,--,--,0,--,--,--,--,0,--,--,--,--,--,--,0,--,--,--,0,0,--
    cayenne chili pepper,0.01,0,0,0,0,0,,,0.00125,Teaspoon,0,,0,0,,0,0,--,,--,--,0,0,0,0,0,0,0,0,0.94,0.05,0.09,0,0.49,0,0,0,0,0,0,--,0,0,0,0,0,0,0,--,0,--,0,--,--,0,0,0,--,0.01,0.05,0,0,0,0,0,0,0,0
Total,85.46,4.25,6.66,1.89,1.42,0.47,,,1,Serving,14.22,,59.94,14.94,,1.89,1.42,0,,0,0,0,6.66,1.66,0.03,0.01,0,0,0,48.19,2.41,4.82,0,0.49,0,0,0,0,0,0,--,0,0,0,0,0,0,0,--,0,--,0,--,--,1.28,0,0,--,0.01,0.05,0,2.36,0,0,0,0,0,0
,,,,,,,,,,,,,,,,,,,,,,,,,,,,,,,,,,,,,,,,,,,,,,,,,,,,,,,,,,,,,,,,,,,,
Eggplant Sugo,278.38,6.29,17.07,27.51,10,13.69,,Dinner,1,Serving,370.68,,152.92,30.09,,27.51,10,0.5,,8.87,1.88,3.83,17.07,3.34,3.33,0.8,0,0,313.51,7979.83,398.99,797.98,0,3884.76,0.18,0.17,3.15,3.74,0.41,0,3.42,22.14,0,0,3.61,55.03,55.03,19.85,0.94,79.01,0.17,0.4,0.02,0.55,3.77,54.43,0.6,8.12,100.77,928.5,1.56,765.7,0.76,0.06,0.74,0,0,33.66
yellow onion,11.03,0.3,0.03,2.58,0.47,1.17,,,0.972727,Ounce-weight,27.58,,0.25,0.1,,2.58,0.47,0,,0.9,0.27,0.94,0.03,0.01,0,0,0,0,24.57,0.55,0.03,0.06,0,0.28,0.01,0.01,0.03,0.1,0.03,0,0.97,2.04,0,0,0.01,5.24,5.24,0.11,0.03,6.34,0,0.01,0,0.55,0.06,2.76,0.04,1.38,8,40.26,0.14,1.1,0.05,0,0,0,0,1.68
garlic,3.87,0,0.13,0,0,0,,,0.045455,Ounce-weight,1.29,,1.16,0,,0,0,0,,0,0,0,0.13,0,0,0,0,0,0.88,0,0,0,0,0,0,0,0,0,0,0,0,0,0,0,0,0,0,0,0,0,0,0,0,0,0,0,0,0,0,0,0,0,0,0,0,0,0,0
olive oil,39.06,0,4.42,0,0,0,,,0.163636,Fluid ounce,4.42,,39.06,5.49,,0,0,0,,0,0,0,4.42,0.61,3.22,0.46,0,0,0,0,0,0,0,0,0,0,0,0,0,0,0,0,0,0,0.63,0,0,2.66,0,0.04,0,0,0,0,0.02,0,0,0,0,0.04,0,0.09,0,0.03,0.43,0,0,0.01
carrots,17.59,0.4,0.1,4.11,1.2,2.03,,,1.51364,Ounce-weight,42.91,,0.93,0.14,,4.11,1.2,0.5,,0.49,1.54,0.88,0.1,0.02,0.01,0.05,0,0,37.89,7168.69,358.43,716.87,0,3555.17,0.03,0.02,0.42,0.47,0.06,0,0.13,2.53,0,0,0.28,8.15,8.15,5.66,0.12,14.16,0.17,0.02,0,0,0.13,5.15,0.06,2.15,15.02,137.31,0.04,29.61,0.1,0,0.05,0,0,3.78
tomatoes,39.17,2.01,0.34,8.92,2.33,5.39,,,4.31818,Ounce-weight,122.42,,3.08,0.44,,8.92,2.33,0,,5.35,0.02,1.21,0.34,0.05,0.05,0.14,0,0,109.49,263.2,13.16,26.32,0,157.92,0.09,0.06,1.5,1.74,0.18,0,0,11.26,0,0,1.53,15.91,15.91,6.49,0.34,41.62,0,0.22,0,0,1.59,24.48,0.22,0,39.17,358.69,0.73,227.7,0.33,0.01,0.13,0,0,15.79
tomato sauce,14.69,0.73,0.18,3.25,0.92,2.18,,,2.15909,Ounce-weight,61.21,,1.65,0.23,,3.25,0.92,0,,2.14,0.04,0.15,0.18,0.03,0.03,0.07,0,0,55.87,266.26,13.31,26.63,0,158.53,0.01,0.04,0.61,0.7,0.06,0,2.33,4.28,0,0,0.88,5.51,5.51,1.71,0.19,8.57,0,0.07,0.02,0,0.59,9.18,0.07,0,16.53,181.79,0.37,290.13,0.13,0,0.07,0,0,6.06
eggplant,22.97,0.9,0.17,5.4,2.48,2.92,,,3.24091,Ounce-weight,91.88,,1.49,0.28,,5.4,2.48,0,,0,0,0,0.17,0.03,0.01,0.07,0,0,84.8,21.13,1.06,2.11,0,12.86,0.04,0.03,0.6,0.73,0.08,0,0,2.02,0,0,0.28,20.21,20.21,3.22,0.26,8.27,0,0.07,0,0,0.21,12.86,0.21,4.59,22.05,210.4,0.28,1.84,0.15,0.01,0.06,0,0,6.34
pine nuts,130,1.95,11.7,3.25,2.6,0,,,0.65,Ounce-weight,18.43,,105.3,23.4,,3.25,2.6,0,,0,0,0.65,11.7,2.6,0,0,0,0,0,260,13,26,0,0,0,0,0,0,0,0,0,0,0,0,0,0,0,0,0,0,0,0,0,0,1.17,0,0,0,0,0,0,6.5,0,0,0,0,0,0
sea salt,,,,,,,,,0.019,ounce-weight,0.5386405,,,,,,,,,,,,,,,,,,,,,,,,,,,,,,,,,,,,,,,,,,,,,,,,,,,208.753,,,,,,
,,,,,,,,,,,,,,,,,,,,,,,,,,,,,,,,,,,,,,,,,,,,,,,,,,,,,,,,,,,,,,,,,,,,
Red Lentil Rotini,301.96,21.26,0.71,53.59,9.14,1.49,,Dinner side,1,Serving,85.05,,6.35,0,,53.59,9.14,0,,0,0,0,0.71,0,0,0,0,0,0,0,0,0,0,0,0,0,0,0,0,0,0,1.53,0,0,0,0,0,0,0,22.12,0,0,0,0,3.06,0,0,0,0,0.05,0,0,0,0,0,0,0,0
Red Lentil Rotini,301.96,21.26,0.71,53.59,9.14,1.49,,,3,Ounce-weight,85.05,,6.35,0,,53.59,9.14,0,,0,0,0,0.71,0,0,0,0,0,0,0,0,0,0,0,0,0,0,0,0,0,0,1.53,0,0,0,0,0,0,0,22.12,0,0,0,0,3.06,0,0,0,0,0.05,0,0,0,0,0,0,0,0
,,,,,,,,,,,,,,,,,,,,,,,,,,,,,,,,,,,,,,,,,,,,,,,,,,,,,,,,,,,,,,,,,,,,
Eggplant Sugo and Red Lentil Rotini,580.34,27.55,17.78,81.1,19.14,15.18,0,,,,455.73,0,159.27,30.09,0,81.1,19.14,0.5,0,8.87,1.88,3.83,17.78,3.34,3.33,0.8,0,0,313.51,7979.83,398.99,797.98,0,3884.76,0.18,0.17,3.15,3.74,0.41,0,3.42,23.67,0,0,3.61,55.03,55.03,19.85,0.94,101.13,0.17,0.4,0.02,0.55,6.83,54.43,0.6,8.12,100.77,928.55,1.56,765.7,0.76,0.06,0.74,0,0,33.66
,,,,,,,,,,,,,,,,,,,,,,,,,,,,,,,,,,,,,,,,,,,,,,,,,,,,,,,,,,,,,,,,,,,,
Wild Mushroom Risotto,511.43,13.58,11.85,81.94,8.49,7.54,,Dinner,1,Serving,550.64,,105.59,16.8,,81.94,8.49,0.41,,2.42,0.51,5.1,11.85,1.87,5.95,1.09,0,0,135.45,255.09,12.76,25.52,0,109.72,0.67,0.77,12.33,13.24,0.48,0.83,2.19,7.83,201.05,5.03,1.05,52.8,52.8,46.26,1.18,65.64,0,0.35,0,0.89,3.28,28.93,0.32,2.24,138.65,501.47,13.86,758.63,1.24,0.07,0.72,3.03,0,21.7
Euphebe Organic Vegetable Stock,21.29,1.06,0,4.26,1.06,3.2,,,8.89286,Fluid ounce,251.92,,0,0,,4.26,1.06,0,,0,0,0,0,0,0,0,0,0,0,0,0,0,0,0,0,0,0,0,0,0,0,0,0,0,0,0,0,0,0,0,0,0,0,0,0,0,0,0,0,0,0,0,0,0,0,0,0,0
white cooking wine,21.19,0,0,0,0,0,,,0.13244,Cup,31.79,,0,0,,0,0,0,,0,0,0,0,0,0,0,0,0,0,0,0,0,0,0,0,0,0,0,0,0,0,0,0,0,0,0,0,0,0,0,0,0,0,0,0,0,0,0,0,0,0,201.31,0,0,0,3.03,0,0
olive oil,59.67,0,6.75,0,0,0,,,0.25,Fluid ounce,6.75,,59.67,8.39,,0,0,0,,0,0,0,6.75,0.93,4.92,0.71,0,0,0,0,0,0,0,0,0,0,0,0,0,0,0,0,0,0,0.97,0,0,4.06,0,0.07,0,0,0,0,0.04,0,0,0,0,0.07,0,0.13,0,0.05,0.66,0,0,0.02
yellow onion,17.89,0.49,0.04,4.18,0.76,1.9,,,1.57738,Ounce-weight,44.72,,0.4,0.17,,4.18,0.76,0,,1.45,0.44,1.52,0.04,0.02,0.01,0.01,0,0,39.85,0.89,0.04,0.09,0,0.45,0.02,0.01,0.05,0.16,0.05,0,1.57,3.31,0,0,0.01,8.5,8.5,0.18,0.06,10.29,0,0.02,0,0.89,0.09,4.47,0.06,2.24,12.97,65.29,0.22,1.79,0.08,0,0.01,0,0,2.73
garlic,15.69,0,0.52,0,0,0,,,0.184524,Ounce-weight,5.23,,4.71,0,,0,0,0,,0,0,0,0.52,0,0,0,0,0,3.58,0,0,0,0,0,0,0,0,0,0,0,0,0,0,0,0,0,0,0,0,0,0,0,0,0,0,0,0,0,0,0,0,0,0,0,0,0,0,0
celery,0.94,0,0,0.25,0.13,0.13,,,0.244048,Ounce-weight,6.92,,0,0,,0.25,0.13,0,,0,0,0,0,0,0,0,0,0,6.61,31.45,1.57,3.14,0,0,0,0,0,0,0,0,0,0.57,0,0,0,0,0,0,0,2.52,0,0,0,0,0.02,0,0,0,0,16.35,0,7.23,0,0,0,0,0,0
brown rice,295.37,6.91,2.48,61.46,2.73,0,,,2.81548,Ounce-weight,79.82,,22.32,5.27,,61.46,2.73,0,,0,0,0,2.48,0.59,0,0,0,0,0,40.31,2.02,4.04,0,0,0,0,6.32,6.32,0,0,0,0.08,0,0,0,0,0,0,0,15.63,0,0,0,0,0.61,0,0,0,0,0,0,11.95,0,0,0,0,0,0
maitake mushrooms,5.39,0.34,0.03,1.21,0.47,0.36,,,0.613095,Ounce-weight,17.38,,0.3,0.05,,1.21,0.47,0,,0.3,0.06,0.38,0.03,0.01,0.01,0.02,0,0,15.71,0,0,0,0,0,0.03,0.04,1.14,1.25,0.01,0,0,0,195.19,4.88,0,3.65,3.65,0,0.05,0.17,0,0.04,0,0,0.05,1.74,0.01,0,12.86,35.46,0.38,0.17,0.13,0,0.02,0,0,8.88
porcini mushrooms,8.96,0.78,0.1,1.24,0.41,0.06,,,0.089286,Ounce-weight,2.53,,0.87,0.1,,1.24,0.41,0,,0,0,0.78,0.1,0.01,0.05,0.04,0,0,0,0.25,0.01,0.03,0,0.15,0,0,0,0,0,0,0,0.01,0,0,0,0,0,0,0,0.68,0,0,0,0,0.53,0,0,0,0,0,0,0.97,0,0,0,0,0,0
shiitake mushrooms,8.66,0.57,0.12,1.73,0.64,0.61,,,0.89881,Ounce-weight,25.48,,1.12,0,,1.73,0.64,0,,0.61,0,0.49,0.12,0,0,0,0,0,22.87,0,0,0,0,0,0,0.06,0.99,1.03,0.07,0,0,0,4.59,0.1,0,3.31,3.31,0,0.38,0.51,0,0.04,0,0,0.1,5.1,0.06,0,28.54,77.46,1.45,2.29,0.26,0,0,0,0,0
crimini mushrooms,9.36,1.06,0.04,1.83,0.26,0.73,,,1.5,Ounce-weight,42.52,,0.38,0.05,,1.83,0.26,0,,0,0,0.84,0.04,0.01,0,0.02,0,0,39.17,0,0,0,0,0,0.04,0.21,1.62,2.01,0.05,0.04,0,0,1.28,0.04,0,10.63,10.63,0,0.64,7.65,0,0.21,0,0,0.17,3.83,0.06,0,51.03,190.51,11.06,2.55,0.47,0,0.02,0,0,9.4
thyme,1.86,0.06,0.05,0.43,0.25,0.01,,,0.02381,Ounce-weight,0.67,,0.45,0.17,,0.43,0.25,0,,0,0,0.17,0.05,0.02,0,0.01,0,0,0.05,25.65,1.28,2.56,0,15.28,0,0,0.03,0.05,0,0,0,0.34,0,0,0.05,1.85,1.85,11.57,0,12.76,0,0.01,0,0,0.83,1.48,0.05,0,1.36,5.49,0.03,0.37,0.04,0,0,0,0,0.29
parsley,0.67,0.06,0.01,0.12,0.06,0.02,,,0.065476,Ounce-weight,1.86,,0.13,0.02,,0.12,0.06,0,,0,0,0.04,0.01,0,0.01,0,0,0,1.63,156.37,7.82,15.64,0,93.81,0,0,0.02,0.04,0,0,0,2.47,0,0,0.01,2.82,2.82,30.44,0.01,2.56,0,0,0,0,0.12,0.93,0,0,1.08,10.28,0,1.04,0.02,0,0,0,0,0.24
lemon juice,0.52,0.01,0.01,0.16,0.01,0.06,,,0.077381,Fluid ounce,2.36,,0.05,0.01,,0.16,0.01,0,,0.05,0.01,0.1,0.01,0,0,0,0,0,2.18,0.14,0.01,0.01,0,0.02,0,0,0,0,0,0,0.01,0.91,0,0,0,0.47,0.47,0,0,0.14,0,0,0,0,0,0.14,0,0,0.19,2.43,0,0.02,0,0,0,0,0,0.12
nutritional yeast,2.61,0.34,0.03,0.24,0.14,0,,,0.02381,Ounce-weight,0.67,,0.27,0.04,,0.24,0.14,0,,0,0,0.1,0.03,0,0.02,0,0,0,0,0,0,0,0,0,0.53,0.44,2.07,2.07,0.27,0.79,0.62,0,0,0,0,0,0,0,0.01,0.27,0,0,0,0,0.04,1,0.01,0,5.82,11.88,0,1.17,0.09,0,0,0,0,0
Euphebe Organic Vegetable Stock,1.37,0.07,0,0.27,0.07,0.21,,,0.017857,Quart,16.19,,0,0,,0.27,0.07,0,,0,0,0,0,0,0,0,0,0,0,0,0,0,0,0,0,0,0,0,0,0,0,0,0,0,0,0,0,0,0,0,0,0,0,0,0,0,0,0,0,0,0,0,0,0,0,0,0,0
white beans,18.71,1.18,0.07,3.47,1.39,0,,,0.196429,Ounce-weight,5.57,,0.59,0.15,,3.47,1.39,0.4,,0,0,0,0.07,0.02,0.01,0.03,0,0,0.65,0,0,0,0,0,0.04,0.01,0.07,0.31,0.02,0,0,0,0,0,0,21.5,21.5,0,0.04,9.63,0,0.04,0,0,0.43,10.19,0.07,0,24.78,85.87,0.71,0.67,0.16,0.01,0.02,0,0,0
lemon juice,0.08,0,0,0.03,0,0.01,,,0.001488,Cup,0.36,,0.01,0,,0.03,0,0,,0.01,0,0.01,0,0,0,0,0,0,0.34,0.02,0,0,0,0,0,0,0,0,0,0,0,0.14,0,0,0,0.07,0.07,0,0,0.02,0,0,0,0,0,0.02,0,0,0.03,0.37,0,0,0,0,0,0,0,0.02
cashews,21.21,0.66,1.59,1.06,0.13,0.27,,,0.130952,Ounce-weight,3.71,,14.32,2.39,,1.06,0.13,0,,0,0,0.66,1.59,0.27,0.93,0.27,0,0,0,0,0,0,0,0,0,0,0,0,0,0,0,0,0,0,0,0,0,0,0,2.65,0,0,0,0,0.24,0,0,0,0,0,0,0.66,0,0,0,0,0,0
water,0,0,0,0,0,0,,,0.011905,Cup,2.82,,0,0,,0,0,0,,0,0,0,0,0,0,0,0,0,2.82,0,0,0,0,0,0,0,0,0,0,0,0,0,0,0,0,0,0,0,0,0.08,0,0,0,0,0,0.03,0,0,0,0,0,0.11,0,0,0,0,0,0
sea salt,,,,,,,,,0.048,ounce-weight,1.36,,,,,,,,,,,,,,,,,,,,,,,,,,,,,,,,,,,,,,,,,,,,,,,,,,,526.17,,,,,,
,,,,,,,,,,,,,,,,,,,,,,,,,,,,,,,,,,,,,,,,,,,,,,,,,,,,,,,,,,,,,,,,,,,,
"White Lentil, Tomato & Fennel Faux-sotto",436.48,17.82,11.58,68.36,12.94,21.59,,Dinner,1,Serving,664.21,,103.36,47.56,,68.36,12.94,0.58,,4.77,1.92,33.06,11.58,5.28,4.38,1.2,0,0,361.82,4582.07,229.11,458.22,0,2698.3,0.86,0.46,4.77,6.86,0.75,0.29,4.2,536.7,0,0,1.6,302.43,302.43,73.66,2.05,135.31,0.09,0.52,0,2.27,7.38,96.42,1.32,10.21,305.25,1720.41,1.86,761.64,2.45,0.1,0.89,2.29,0,65.79
olive oil,47.74,0,5.4,0,0,0,,,0.4,Tablespoon,5.4,,47.74,6.71,,0,0,0,,0,0,0,5.4,0.75,3.94,0.57,0,0,0,0,0,0,0,0,0,0,0,0,0,0,0,0,0,0,0.77,0,0,3.25,0,0.05,0,0,0,0,0.03,0,0,0,0,0.05,0,0.11,0,0.04,0.53,0,0,0.02
white onion,45.36,1.25,0.11,10.59,1.93,4.81,,,4,Ounce-weight,113.4,,1.02,0.43,,10.59,1.93,0,,3.69,1.12,3.86,0.11,0.05,0.01,0.02,0,0,101.05,2.27,0.11,0.23,0,1.13,0.05,0.03,0.13,0.4,0.14,0,3.97,8.39,0,0,0.02,21.55,21.55,0.45,0.14,26.08,0,0.04,0,2.27,0.24,11.34,0.15,5.67,32.89,165.56,0.57,4.54,0.19,0,0.01,0,0,6.92
tomatoes ,56.46,2.3,0.49,13.64,1.56,7.96,,,6,Ounce-weight,170.1,,4.44,0.61,,13.64,1.56,0,,0,0,4.12,0.49,0.07,0.09,0.2,0,0,151.39,3575.87,178.8,357.6,0,2096.23,0.19,0.14,1.91,1.91,0.17,0,0,512.93,0,0,0,34.19,34.19,0,0.66,22.54,0,0,0,0,1.55,33.59,0,0,66.37,689.32,0,25.21,0.34,0,0,0,0,0
garlic cloves,5.91,0.25,0.02,1.31,0.08,0.04,,,0.14,Ounce-weight,3.97,,0.18,0.03,,1.31,0.08,0,,0,0,1.19,0.02,0,0,0.01,0,0,2.33,0.36,0.02,0.04,0,0.2,0.01,0,0.03,0.07,0.05,0,0,1.24,0,0,0,0.12,0.12,0.07,0.02,7.18,0,0.01,0,0,0.07,0.99,0.07,0,6.07,15.92,0.56,0.67,0.05,0,0.01,0,0,0.92
white cooking wine,16,0,0,0,0,0,,,0.8,Fluid ounce,24,,0,0,,0,0,0,,0,0,0,0,0,0,0,0,0,0,0,0,0,0,0,0,0,0,0,0,0,0,0,0,0,0,0,0,0,0,0,0,0,0,0,0,0,0,0,0,0,0,152,0,0,0,2.29,0,0
tomato paste,8.76,0.29,0,2.04,0.58,1.17,,,0.34,Ounce-weight,9.64,,0,0,,2.04,0.58,0,,0,0,0.29,0,0,0,0,0,0,0,87.63,4.38,8.76,0,51.37,0,0,0,0,0,0,0,0.7,0,0,0,0,0,0,0,0,0,0,0,0,0.32,0,0,0,0,93.47,0,30.67,0,0,0,0,0,0
thyme,1.56,0.05,0.04,0.36,0.21,0.01,,,0.02,Ounce-weight,0.57,,0.38,0.14,,0.36,0.21,0,,0,0,0.14,0.04,0.02,0,0.01,0,0,0.04,21.55,1.08,2.15,0,12.84,0,0,0.03,0.05,0,0,0,0.28,0,0,0.04,1.55,1.55,9.72,0,10.72,0,0,0,0,0.7,1.25,0.04,0,1.14,4.62,0.03,0.31,0.04,0,0,0,0,0.25
lentils,159.66,11.17,0.48,28.74,4.85,0.92,,,1.6,Ounce-weight,45.36,,4.33,0.63,,28.74,4.85,0.58,,0.12,0.8,22.96,0.48,0.07,0.09,0.24,0,0,3.75,17.69,0.88,1.77,0,10.43,0.4,0.1,1.18,2.85,0.24,0,0,2.04,0,0,0.22,217.27,217.27,2.27,0.97,15.88,0,0.34,0,0,2.95,21.32,0.63,0,127.46,307.08,0.05,2.72,1.48,0.05,0.19,0,0,43.73
coconut milk,44.52,0.46,4.82,0.64,0,0,,,0.8,Fluid ounce,22.6,,43.39,38.47,,0.64,0,0,,0,0,0,4.82,4.27,0.2,0.05,0,0,16.47,0,0,0,0,0,0,0,0.14,0.23,0.01,0,0,0.23,0,0,0,3.16,3.16,0,0.03,4.07,0,0.05,0,0,0.75,10.4,0.17,0,21.7,49.72,0,2.94,0.13,0,0.05,0,0,1.92
balsamic vinegar,5.63,0.03,0,1.09,0,0.96,,,0.4,Tablespoon,6.4,,0,0,,1.09,0,0,,0.96,0,0,0,0,0,0,0,0,4.89,0,0,0,0,0,0,0,0,0,0,0,0,0,0,0,0,0,0,0,0,1.73,0,0,0,0,0.05,0.77,0.01,0,1.22,7.17,0,1.47,0.01,0,0,0,0,0
nutritional yeast,0.97,0.13,0.01,0.09,0.05,0,,,0.2,Teaspoon,0.25,,0.1,0.02,,0.09,0.05,0,,0,0,0.04,0.01,0,0.01,0,0,0,0,0,0,0,0,0,0.2,0.16,0.77,0.77,0.1,0.29,0.23,0,0,0,0,0,0,0,0,0.1,0,0,0,0,0.01,0.37,0,0,2.16,4.4,0,0.44,0.03,0,0,0,0,0
black pepper,1.42,0.06,0.02,0.36,0.14,0,,,0.02,Ounce-weight,0.57,,0.17,0.07,,0.36,0.14,0,,0,0,0.22,0.02,0.01,0,0.01,0,0,0.07,3.1,0.16,0.31,0,1.76,0,0,0.01,0.01,0,0,0,0,0,0,0.01,0.1,0.1,0.93,0.01,2.51,0.09,0.01,0,0,0.06,0.97,0.07,0,0.9,7.54,0.03,0.11,0.01,0,0,0,0,0.06
fennel,28.12,1.12,0.18,6.62,2.81,3.57,,,3.2,Ounce-weight,90.72,,1.63,0.45,,6.62,2.81,0,,0,0,0.24,0.18,0.05,0.04,0.09,0,0,81.84,873.62,43.68,87.36,0,524.35,0.01,0.03,0.58,0.58,0.04,0,0,10.89,0,0,0.53,24.49,24.49,56.97,0.21,44.45,0,0.06,0,0,0.66,15.42,0.17,4.54,45.36,375.57,0.64,47.17,0.18,0,0.09,0,0,11.97
Euphebe Organic Vegetable Stock,14.36,0.71,0,2.87,0.71,2.16,,,6,Fluid ounce,169.97,,0,0,,2.87,0.71,0,,0,0,0,0,0,0,0,0,0,0,0,0,0,0,0,0,0,0,0,0,0,0,0,0,0,0,0,0,0,0,0,0,0,0,0,0,0,0,0,0,0,0,0,0,0,0,0,0,0
sea salt,,,,,,,,,0.045,ounce-weight,1.28,,,,,,,,,,,,,,,,,,,,,,,,,,,,,,,,,,,,,,,,,,,,,,,,,,,493.28,,,,,,
,,,,,,,,,,,,,,,,,,,,,,,,,,,,,,,,,,,,,,,,,,,,,,,,,,,,,,,,,,,,,,,,,,,,
Brussels Sprouts Gratin,502.59,20.43,19.19,66.36,17.43,11.52,,Dinner,1,Serving,387.42,,172.3,28.69,,66.36,17.43,3.94,,4.92,3.19,26.71,19.19,3.19,10.99,3.21,0,0,266.96,16579.56,828.98,1657.96,0,9920.26,1.87,1.47,8.73,11.15,1.51,2.09,2.72,97.76,6.63,0.15,1.65,207.08,207.08,270.15,1.94,197.44,0.11,0.75,0.03,0.57,7.17,121.52,1.37,11.4,323.55,1408.42,9.05,767.1,2.31,0.21,0.45,0,0,31.75
brussels sprouts,35.35,2.78,0.25,7.36,3.12,1.81,,,2.9,Ounce-weight,82.21,,2.22,0.46,,7.36,3.12,1.64,,1.43,0.38,2.43,0.25,0.05,0.02,0.13,0,0,70.7,619.89,30.99,61.99,0,369.96,0.11,0.07,0.61,1.12,0.18,0,0,69.88,0,0,0.72,50.15,50.15,145.52,0.25,34.53,0,0.06,0,0,1.15,18.91,0.28,4.11,56.73,319.81,1.32,20.55,0.35,0.08,0.04,0,0,15.7
shiitake mushrooms,12.53,0.83,0.18,2.5,0.92,0.88,,,1.3,Ounce-weight,36.85,,1.63,0,,2.5,0.92,0,,0.88,0,0.7,0.18,0,0,0,0,0,33.07,0,0,0,0,0,0.01,0.08,1.43,1.48,0.11,0,0,0,6.63,0.15,0,4.79,4.79,0,0.55,0.74,0,0.05,0,0,0.15,7.37,0.08,0,41.28,112.04,2.1,3.32,0.38,0,0,0,0,0
sweet potatoes,86.31,1.58,0.05,20.19,3.01,4.19,,,3.54,Ounce-weight,100.36,,0.45,0.16,,20.19,3.01,0,,1.67,2.53,12.99,0.05,0.02,0,0.01,0,0,77.56,14237.69,711.88,1423.77,0,8539.4,0.08,0.06,0.56,1.08,0.21,0,0,2.41,0,0,0.26,11.04,11.04,1.81,0.8,30.11,0,0.15,0,0,0.61,25.09,0.26,5.02,47.17,338.2,0.6,55.2,0.3,0,0.01,0,0,12.34
kale,8.33,0.73,0.16,1.49,0.61,0.38,,,0.6,Ounce-weight,17.01,,1.42,0.14,,1.49,0.61,0.24,,0,0,0.49,0.16,0.02,0.01,0.06,0,0,14.29,1699.27,84.96,169.93,0,1008.17,0.02,0.02,0.17,0.17,0.05,0,0.09,20.41,0,0,0.26,23.98,23.98,119.88,0.02,25.51,0,0.25,0,0,0.25,7.99,0.11,0.85,15.65,83.52,0.15,6.46,0.1,0.03,0.02,0,0,0.14
garlic cloves,10.98,0.47,0.04,2.44,0.15,0.07,,,0.26,Ounce-weight,7.37,,0.33,0.06,,2.44,0.15,0,,0,0,2.21,0.04,0.01,0,0.02,0,0,4.32,0.66,0.03,0.07,0,0.37,0.01,0.01,0.05,0.13,0.09,0,0,2.3,0,0,0.01,0.22,0.22,0.13,0.04,13.34,0,0.02,0,0,0.13,1.84,0.12,0,11.28,29.56,1.05,1.25,0.09,0,0.02,0,0,1.71
white onion,11.34,0.31,0.03,2.65,0.48,1.2,,,1,Ounce-weight,28.35,,0.26,0.11,,2.65,0.48,0,,0.92,0.28,0.96,0.03,0.01,0,0,0,0,25.26,0.57,0.03,0.06,0,0.28,0.01,0.01,0.03,0.1,0.03,0,0.99,2.1,0,0,0.01,5.39,5.39,0.11,0.03,6.52,0,0.01,0,0.57,0.06,2.83,0.04,1.42,8.22,41.39,0.14,1.13,0.05,0,0,0,0,1.73
white beans,95.25,5.98,0.33,17.65,7.06,0,,,1,Ounce-weight,28.35,,3.01,0.78,,17.65,7.06,2.05,,0,0,0,0.33,0.09,0.03,0.14,0,0,3.32,0,0,0,0,0,0.21,0.06,0.38,1.56,0.12,0,0,0,0,0,0,109.43,109.43,0,0.21,49.04,0,0.18,0,0,2.19,51.88,0.36,0,126.16,437.15,3.63,3.4,0.8,0.07,0.08,0,0,0
olive oil,23.87,0,2.7,0,0,0,,,0.1,Fluid ounce,2.7,,23.87,3.36,,0,0,0,,0,0,0,2.7,0.37,1.97,0.28,0,0,0,0,0,0,0,0,0,0,0,0,0,0,0,0,0,0,0.39,0,0,1.63,0,0.03,0,0,0,0,0.02,0,0,0,0,0.03,0,0.05,0,0.02,0.26,0,0,0.01
black pepper,1.42,0.06,0.02,0.36,0.14,0,,,0.02,Ounce-weight,0.57,,0.17,0.07,,0.36,0.14,0,,0,0,0.22,0.02,0.01,0,0.01,0,0,0.07,3.1,0.16,0.31,0,1.76,0,0,0.01,0.01,0,0,0,0,0,0,0.01,0.1,0.1,0.93,0.01,2.51,0.09,0.01,0,0,0.06,0.97,0.07,0,0.9,7.54,0.03,0.11,0.01,0,0,0,0,0.06
rosemary,1.88,0.03,0.09,0.36,0.24,0.01,,,0.02,Ounce-weight,0.57,,0.78,0.38,,0.36,0.24,0,,0,0,0,0.09,0.04,0.02,0.01,0,0,0.05,17.74,0.89,1.77,0,0,0,0,0.01,0.01,0.01,0,0,0.35,0,0,0,1.74,1.74,0,0,7.26,0,0,0,0,0.17,1.25,0.01,0,0.4,5.41,0.03,0.28,0.02,0.01,0.01,0,0,0
cashews,203.16,6.35,15.24,10.16,1.27,2.54,,,0.317439,Cup,35.55,,137.13,22.86,,10.16,1.27,0,,0,0,6.35,15.24,2.54,8.89,2.54,0,0,0,0,0,0,0,0,0,0,0,0,0,0,0,0,0,0,0,0,0,0,0,25.4,0,0,0,0,2.29,0,0,0,0,0,0,6.35,0,0,0,0,0,0
water,0,0,0,0,0,0,,,0.158719,Cup,37.58,,0,0,,0,0,0,,0,0,0,0,0,0,0,0,0,37.55,0,0,0,0,0,0,0,0,0,0,0,0,0,0,0,0,0,0,0,0,1.13,0,0,0.03,0,0,0.38,0,0,0,0,0,1.5,0,0,0,0,0,0
lemon juice,0.18,0,0,0.06,0,0.02,,,0.158719,Teaspoon,0.81,,0.02,0,,0.06,0,0,,0.02,0,0.03,0,0,0,0,0,0,0.74,0.05,0,0,0,0.01,0,0,0,0,0,0,0,0.31,0,0,0,0.16,0.16,0,0,0.05,0,0,0,0,0,0.05,0,0,0.06,0.83,0,0.01,0,0,0,0,0,0.04
nutritional yeast,6.89,0.9,0.08,0.64,0.37,0,,,0.476158,Tablespoon,1.79,,0.71,0.11,,0.64,0.37,0,,0,0,0.28,0.08,0.01,0.05,0,0,0,0,0,0,0,0,0,1.41,1.16,5.48,5.48,0.71,2.09,1.64,0,0,0,0,0,0,0,0.02,0.71,0,0,0,0,0.1,2.64,0.02,0,15.39,31.43,0,3.11,0.23,0,0,0,0,0
sea salt,0,0,0,0,0,0,,,0.03968,Teaspoon,0.24,,0,0,,0,0,0,,0,0,0,0,0,0,0,0,0,0,0,0,0,0,0,0,0,0,0,0,0,0,0,0,0,0,0,0,0,0,0,0,0,0,0,0,0,0,0,0,0,0,92.06,0,0,0,0,0,0
black pepper,0.23,0.01,0,0.06,0.02,0,,,0.03968,Teaspoon,0.09,,0.03,0.01,,0.06,0.02,0,,0,0,0.03,0,0,0,0,0,0,0.01,0.5,0.02,0.05,0,0.28,0,0,0,0,0,0,0,0,0,0,0,0.02,0.02,0.15,0,0.4,0.01,0,0,0,0.01,0.16,0.01,0,0.14,1.21,0,0.02,0,0,0,0,0,0.01
apple cider vinegar,0,0,0,0,0,0,,,0.07936,Teaspoon,0.4,,0,0,,0,0,0,,0,0,0,0,0,0,0,0,0,0,0,0,0,0,0,0,0,0,0,0,0,0,0,0,0,0,0,0,0,0,0,0,0,0,0,0,0,0,0,0,0,0,0,0,0,0,0,0,0
nutmeg,0.46,0.01,0.03,0.04,0.02,0,,,0.03968,Teaspoon,0.09,,0.29,0.2,,0.04,0.02,0,,0,0,0.02,0.03,0.02,0,0,0,0,0.01,0.09,0,0.01,0,0.02,0,0,0,0,0,0,0,0,0,0,0,0.07,0.07,0,0,0.16,0,0,0,0,0,0.16,0,0,0.19,0.31,0,0.01,0,0,0,0,0,0.01
Wan Ja Shan Organic Gluten Free Soy Sauce,4.4,0.4,0,0.4,0,0.4,,,0.4,Tablespoon,6,,0,0,,0.4,0,0,,0,0,0,0,0,0,0,0,0,0,0,0,0,0,0,0,0,0,0,0,0,0,0,0,0,0,0,0,0,0,0,0,0,0,0,0,0,0,0,0,0,0,364,0,0,0,0,0,0
sea salt,,,,,,,,,0.019,ounce-weight,0.54,,,,,,,,,,,,,,,,,,,,,,,,,,,,,,,,,,,,,,,,,,,,,,,,,,,208.27,,,,,,
,,,,,,,,,,,,,,,,,,,,,,,,,,,,,,,,,,,,,,,,,,,,,,,,,,,,,,,,,,,,,,,,,,,,
Toasted Pecans,100.64,1.35,10.53,1.92,1.33,0.58,,Dinner side,1,Serving,14.17,,94.75,8.02,,1.92,1.33,0.32,,0.01,0.57,0.01,10.53,0.89,6.23,2.92,0,0,0.16,19.84,0.99,1.98,0,11.91,0.06,0.02,0.17,0.39,0.03,0,0,0.1,0,0,0.18,2.27,2.27,0,0.1,10.21,0,0.17,0,0,0.4,18.71,0.56,4.18,41.53,60.1,0.57,0.14,0.72,0.14,2.78,0,0,0
pecans,100.64,1.35,10.53,1.92,1.33,0.58,,,0.5,Ounce-weight,14.17,,94.75,8.02,,1.92,1.33,0.32,,0.01,0.57,0.01,10.53,0.89,6.23,2.92,0,0,0.16,19.84,0.99,1.98,0,11.91,0.06,0.02,0.17,0.39,0.03,0,0,0.1,0,0,0.18,2.27,2.27,0,0.1,10.21,0,0.17,0,0,0.4,18.71,0.56,4.18,41.53,60.1,0.57,0.14,0.72,0.14,2.78,0,0,0
,,,,,,,,,,,,,,,,,,,,,,,,,,,,,,,,,,,,,,,,,,,,,,,,,,,,,,,,,,,,,,,,,,,,
Breakfast Bowl,370.27,21.89,14.27,41.97,9.58,9.75,,Lunch,1,Serving,472.26,,127.6,16.98,,41.97,9.58,0,,4.7,2.53,22.63,14.27,1.89,5.91,5.67,0,0,317.67,12739.01,637.2,1273.9,0,7395.46,0.11,0.25,3.76,4.48,0.49,0,2.06,28.85,14.84,0.33,1.16,29.83,29.83,91.1,1.98,203.71,0.08,0.3,0,0.82,4.9,52.52,0.67,6.7,153.98,656.76,5.75,624.5,1.27,0.04,0.51,0,0,15.39
tofu,161.64,16.66,8.58,4.29,2.14,0.66,,,0.363636,Pound,164.94,,77.19,10.39,,4.29,2.14,0,,0,0,1.48,8.58,1.15,2.31,5.11,0,0,133.44,61.03,3.3,6.1,0,0,0,0,0,0,0,0,0,0,0,0,0,0,0,0,0,127.01,0,0,0,0,2.64,0,0,0,0,0,0,6.6,0,0,0,0,0,0
shiitake mushrooms,28.04,1.85,0.4,5.6,2.06,1.96,,,0.181818,Pound,82.47,,3.64,0,,5.6,2.06,0,,1.96,0,1.58,0.4,0,0,0,0,0,74.01,0,0,0,0,0,0.01,0.18,3.2,3.32,0.24,0,0,0,14.84,0.33,0,10.72,10.72,0,1.24,1.65,0,0.12,0,0,0.34,16.49,0.19,0,92.37,250.71,4.7,7.42,0.85,0,0,0,0,0
sweet potatoes,70.93,1.29,0.04,16.59,2.47,3.45,,,0.181818,Pound,82.47,,0.37,0.13,,16.59,2.47,0,,1.37,2.08,10.67,0.04,0.01,0,0.01,0,0,63.73,11700.21,585.01,1170.02,0,7017.49,0.06,0.05,0.46,0.89,0.17,0,0,1.98,0,0,0.21,9.07,9.07,1.48,0.66,24.74,0,0.12,0,0,0.5,20.62,0.21,4.12,38.76,277.93,0.49,45.36,0.25,0,0.01,0,0,10.14
yukon gold potatoes,29.99,0.75,0,7.5,0.75,0.37,,,0.090909,Pound,41.24,,0,0,,7.5,0.75,0,,0,0,6.37,0,0,0,0,0,0,0,0,0,0,0,0,0,0,0,0,0,0,0,1.35,0,0,0,0,0,0,0,29.99,0,0,0,0,0.4,0,0,0,0,0,0,13.12,0,0,0,0,0,0
poblano peppers,11.45,0.46,0.23,2.29,0.92,1.37,,,0.090909,Pound,41.24,,2.06,0,,2.29,0.92,0,,0,0,0,0.23,0,0,0,0,0,0,343.63,17.18,34.36,0,0,0,0,0,0,0,0,0,19.24,0,0,0,0,0,0,0,0,0,0,0,0,0.33,0,0,0,0,0,0,0,0,0,0,0,0,0
white onion,16.49,0.45,0.04,3.85,0.7,1.75,,,0.090909,Pound,41.24,,0.37,0.16,,3.85,0.7,0,,1.34,0.41,1.4,0.04,0.02,0.01,0.01,0,0,36.75,0.82,0.04,0.08,0,0.41,0.02,0.01,0.05,0.14,0.05,0,1.44,3.05,0,0,0.01,7.83,7.83,0.16,0.05,9.48,0,0.02,0,0.82,0.09,4.12,0.05,2.06,11.96,60.2,0.21,1.65,0.07,0,0.01,0,0,2.52
swiss chard,1.96,0.19,0.02,0.39,0.16,0.11,,,0.022727,Pound,10.31,,0.19,0.03,,0.39,0.16,0,,0,0,0.11,0.02,0,0,0.01,0,0,9.55,630.49,31.52,63.05,0,375.97,0,0.01,0.04,0.07,0.01,0,0.62,3.09,0,0,0.19,1.44,1.44,85.56,0.02,5.26,0,0.02,0,0,0.19,8.35,0.04,0.52,4.74,39.07,0.09,21.96,0.04,0,0.01,0,0,1.86
olive oil,43.4,0,4.91,0,0,0,,,0.181818,Fluid ounce,4.91,,43.4,6.1,,0,0,0,,0,0,0,4.91,0.68,3.58,0.52,0,0,0,0,0,0,0,0,0,0,0,0,0,0,0,0,0,0,0.7,0,0,2.96,0,0.05,0,0,0,0,0.03,0,0,0,0,0.05,0,0.1,0,0.04,0.48,0,0,0.01
black pepper,1.29,0.05,0.02,0.33,0.13,0,,,0.018182,Ounce-weight,0.52,,0.15,0.06,,0.33,0.13,0,,0,0,0.2,0.02,0.01,0,0.01,0,0,0.06,2.82,0.14,0.28,0,1.6,0,0,0.01,0.01,0,0,0,0,0,0,0.01,0.09,0.09,0.84,0.01,2.28,0.08,0.01,0,0,0.05,0.88,0.07,0,0.81,6.85,0.03,0.1,0.01,0,0,0,0,0.06
turmeric,1.61,0.05,0.02,0.35,0.12,0.02,,,0.018182,Ounce-weight,0.52,,0.15,0.09,,0.35,0.12,0,,0,0.01,0.21,0.02,0.01,0,0,0,0,0.07,0,0,0,0,0,0,0,0.01,0.02,0,0,0,0,0,0,0.02,0.1,0.1,0.07,0,0.87,0,0.01,0,0,0.28,1.07,0.1,0,1.54,10.72,0.03,0.14,0.02,0,0,0,0,0.25
garlic powder,1.71,0.09,0,0.37,0.05,0.01,,,0.018182,Ounce-weight,0.52,,0.03,0.01,,0.37,0.05,0,,0,0.01,0.32,0,0,0,0,0,0,0.03,0,0,0,0,0,0,0,0,0.01,0.01,0,0,0.01,0,0,0,0.24,0.24,0,0,0.41,0,0,0,0,0.03,0.4,0.01,0,2.13,6.15,0.12,0.31,0.02,0,0,0,0,0.35
onion powder,1.76,0.05,0.01,0.41,0.08,0.03,,,0.018182,Ounce-weight,0.52,,0.05,0.01,,0.41,0.08,0,,0.01,0.02,0.3,0.01,0,0,0,0,0,0.03,0,0,0,0,0,0,0,0,0.01,0,0,0,0.12,0,0,0,0.33,0.33,0.02,0,1.98,0,0,0,0,0.02,0.58,0.01,0,1.66,5.08,0.07,0.38,0.02,0,0,0,0,0.2
sea salt,,,,,,,,,0.048,ounce-weight,1.360776,,,,,,,,,,,,,,,,,,,,,,,,,,,,,,,,,,,,,,,,,,,,,,,,,,,527.376,,,,,,
,,,,,,,,,,,,,,,,,,,,,,,,,,,,,,,,,,,,,,,,,,,,,,,,,,,,,,,,,,,,,,,,,,,,
Smoky Tomato Sauce,46.8,0.66,3.17,4.45,0.72,2.45,,Lunch Side,1,Serving,96.97,,27.34,3.64,,4.45,0.72,0,,0,0,1.23,3.17,0.4,2.02,0.4,0,0,85.09,180.65,9.03,18.06,0,107.54,0,0,0,0,0,0,0,14.76,0,0,0,0,0,0,0,12.85,0,0,0,0,0.26,0,0,0,0,2.08,0,124.2,0,0,0,0,0,0
tomatoes,21.45,0.61,0.31,4.29,0.61,2.45,,,3.2,Ounce-weight,90.72,,2.76,0,,4.29,0.61,0,,0,0,1.23,0.31,0,0,0,0,0,85.05,61.3,3.06,6.13,0,35.93,0,0,0,0,0,0,0,14.71,0,0,0,0,0,0,0,12.26,0,0,0,0,0.22,0,0,0,0,0,0,3.06,0,0,0,0,0,0
paprika,1.05,0.04,0.03,0.16,0.1,0,,,0.01,Ounce-weight,0.28,,0.28,0,,0.16,0.1,0,,0,0,0,0.03,0,0,0,0,0,0.03,119.35,5.97,11.94,0,71.61,0,0,0,0,0,0,0,0.05,0,0,0,0,0,0,0,0.6,0,0,0,0,0.04,0,0,0,0,0,0,0.3,0,0,0,0,0,0
olive oil,24.3,0,2.83,0,0,0,,,0.1,Ounce-weight,2.83,,24.3,3.64,,0,0,0,,0,0,0,2.83,0.4,2.02,0.4,0,0,0,0,0,0,0,0,0,0,0,0,0,0,0,0,0,0,0,0,0,0,0,0,0,0,0,0,0,0,0,0,0,0,0,0,0,0,0,0,0,0
apple cider vinegar,0,0,0,0,0,0,,,0.1,Ounce-weight,2.83,,0,0,,0,0,0,,0,0,0,0,0,0,0,0,0,0,0,0,0,0,0,0,0,0,0,0,0,0,0,0,0,0,0,0,0,0,0,0,0,0,0,0,0,0,0,0,2.08,0,0,0,0,0,0,0,0
sea salt,,,,,,,,,0.011,ounce-weight,0.3118445,,,,,,,,,,,,,,,,,,,,,,,,,,,,,,,,,,,,,,,,,,,,,,,,,,,120.857,,,,,,
,,,,,,,,,,,,,,,,,,,,,,,,,,,,,,,,,,,,,,,,,,,,,,,,,,,,,,,,,,,,,,,,,,,,
Breakfast Bowl with Smoky Tomato Sauce,417.07,22.55,17.44,46.42,10.3,12.2,,,,,569.23,,,,,,,,,,,,,,,,,,,,,,,,,,,,,,,,,,,,,,,,,,,,,,,,,,,,,,,,,
,,,,,,,,,,,,,,,,,,,,,,,,,,,,,,,,,,,,,,,,,,,,,,,,,,,,,,,,,,,,,,,,,,,,
,,,,,,,,,,,,,,,,,,,,,,,,,,,,,,,,,,,,,,,,,,,,,,,,,,,,,,,,,,,,,,,,,,,,
Cremini & Shiitake Mushroom Soup,326.05,12.76,15.07,35.44,13.93,7.22,,Lunch,1,Serving,340.5,,134.76,21.27,,35.44,13.93,0.01,,1.78,0.36,13.42,15.07,2.36,9.15,2.09,0,0,101.42,790.8,39.54,79.08,0,461.37,0.05,0.18,1.83,2.22,0.17,0.02,1.21,10.97,4.76,0.11,0.8,20.47,20.47,4.39,0.77,98,0.09,0.18,0.01,0.68,4.49,57.4,0.24,2.17,171.41,663.99,7.51,665.44,1.54,0.05,0.55,0.57,0,8.54
cannellini beans,94.12,5.87,0.4,16.75,9.7,0.4,,,1,Ounce-weight,28.35,,3.57,0.77,,16.75,9.7,0,,0,0,6.66,0.4,0.09,0,0,0,0,0,4.82,0.24,0.48,0,0,0,0,0,0,0,0,0,0,0,0,0,0,0,0,0,29.48,0,0,0,0,2.18,42.52,0,0,100.92,391.22,0,0,0.94,0,0,0,0,0
white onion,13.61,0.37,0.03,3.18,0.58,1.44,,,1.2,Ounce-weight,34.02,,0.31,0.13,,3.18,0.58,0,,1.11,0.34,1.16,0.03,0.01,0,0.01,0,0,30.31,0.68,0.03,0.07,0,0.34,0.02,0.01,0.04,0.12,0.04,0,1.19,2.52,0,0,0.01,6.46,6.46,0.14,0.04,7.82,0,0.01,0,0.68,0.07,3.4,0.04,1.7,9.87,49.67,0.17,1.36,0.06,0,0,0,0,2.08
shallots,6.78,0.24,0.01,1.58,0.3,0.74,,,0.332,Ounce-weight,9.41,,0.08,0.01,,1.58,0.3,0,,0,0,0.54,0.01,0,0,0,0,0,7.51,0.38,0.02,0.04,0,0.28,0.01,0,0.02,0.06,0.03,0,0,0.75,0,0,0,3.2,3.2,0.08,0.03,3.48,0,0.01,0,0,0.11,1.98,0.03,0.47,5.65,31.44,0.11,1.13,0.04,0,0,0,0,1.06
brown mushrooms,4.99,0.57,0.02,0.98,0.14,0.39,,,0.05,Pound,22.68,,0.2,0.03,,0.98,0.14,0,,0,0,0.45,0.02,0,0,0.01,0,0,20.89,0,0,0,0,0,0.02,0.11,0.86,1.07,0.02,0.02,0,0,0.68,0.02,0,5.67,5.67,0,0.34,4.08,0,0.11,0,0,0.09,2.04,0.03,0,27.22,101.6,5.9,1.36,0.25,0,0.01,0,0,5.01
shiitake mushrooms,7.71,0.51,0.11,1.54,0.57,0.54,,,0.05,Pound,22.68,,1,0,,1.54,0.57,0,,0.54,0,0.43,0.11,0,0,0,0,0,20.35,0,0,0,0,0,0,0.05,0.88,0.91,0.07,0,0,0,4.08,0.09,0,2.95,2.95,0,0.34,0.45,0,0.03,0,0,0.09,4.54,0.05,0,25.4,68.95,1.29,2.04,0.23,0,0,0,0,0
white cooking wine,4,0,0,0,0,0,,,0.025,Cup,6,,0,0,,0,0,0,,0,0,0,0,0,0,0,0,0,0,0,0,0,0,0,0,0,0,0,0,0,0,0,0,0,0,0,0,0,0,0,0,0,0,0,0,0,0,0,0,0,0,38,0,0,0,0.57,0,0
olive oil,47.74,0,5.4,0,0,0,,,0.2,Fluid ounce,5.4,,47.74,6.71,,0,0,0,,0,0,0,5.4,0.75,3.94,0.57,0,0,0,0,0,0,0,0,0,0,0,0,0,0,0,0,0,0,0.77,0,0,3.25,0,0.05,0,0,0,0,0.03,0,0,0,0,0.05,0,0.11,0,0.04,0.53,0,0,0.02
chives,10.49,0.68,0.11,1.67,0.91,0,,,0.1,Ounce-weight,2.83,,1.02,0,,1.67,0.91,0,,0,0,0,0.11,0,0,0,0,0,0.13,737.94,36.9,73.79,0,442.76,0,0,0,0,0,0,0,4.31,0,0,0,0,0,0,0,30.33,0,0,0,0,0.38,0,0,0,0,0,0,2.86,0,0,0,0,0,0
lemon juice,1.34,0.02,0.01,0.42,0.02,0.15,,,0.2,Fluid ounce,6.1,,0.13,0.02,,0.42,0.02,0.01,,0.13,0.03,0.25,0.01,0,0,0,0,0,5.63,0.37,0.02,0.04,0,0.06,0,0,0.01,0.01,0,0,0.02,2.36,0,0,0.01,1.22,1.22,0,0.01,0.37,0,0,0,0,0,0.37,0,0,0.49,6.28,0.01,0.06,0,0,0,0,0,0.31
rosemary,0.74,0.02,0.03,0.12,0.08,0,,,0.02,Ounce-weight,0.57,,0.3,0.14,,0.12,0.08,0,,0,0,0,0.03,0.02,0.01,0.01,0,0,0.38,16.58,0.83,1.66,0,0,0,0,0.01,0.01,0,0,0,0.12,0,0,0,0.62,0.62,0,0,1.8,0,0,0,0,0.04,0.52,0.01,0,0.37,3.79,0,0.15,0.01,0,0,0,0,0
thyme,0.57,0.03,0.01,0.14,0.08,0,,,0.02,Ounce-weight,0.57,,0.09,0.02,,0.14,0.08,0,,0,0,0,0.01,0,0,0,0,0,0.37,26.94,1.35,2.69,0,16.16,0,0,0.01,0.02,0,0,0,0.91,0,0,0,0.26,0.26,0,0,2.3,0,0,0,0,0.1,0.91,0.01,0,0.6,3.45,0,0.05,0.01,0,0,0,0,0
black pepper,1.42,0.06,0.02,0.36,0.14,0,,,0.02,Ounce-weight,0.57,,0.17,0.07,,0.36,0.14,0,,0,0,0.22,0.02,0.01,0,0.01,0,0,0.07,3.1,0.16,0.31,0,1.76,0,0,0.01,0.01,0,0,0,0,0,0,0.01,0.1,0.1,0.93,0.01,2.51,0.09,0.01,0,0,0.06,0.97,0.07,0,0.9,7.54,0.03,0.11,0.01,0,0,0,0,0.06
cashews,118.75,3.71,8.91,5.94,0.74,1.48,,,0.73304,Ounce-weight,20.78,,80.16,13.36,,5.94,0.74,0,,0,0,3.71,8.91,1.48,5.2,1.48,0,0,0,0,0,0,0,0,0,0,0,0,0,0,0,0,0,0,0,0,0,0,0,14.84,0,0,0,0,1.34,0,0,0,0,0,0,3.71,0,0,0,0,0,0
water,0,0,0,0,0,0,,,0.06664,Cup,15.78,,0,0,,0,0,0,,0,0,0,0,0,0,0,0,0,15.76,0,0,0,0,0,0,0,0,0,0,0,0,0,0,0,0,0,0,0,0,0.47,0,0,0.01,0,0,0.16,0,0,0,0,0,0.63,0,0,0,0,0,0
Euphebe Organic Vegetable Stock,13.79,0.69,0,2.76,0.69,2.07,,,5.76,Fluid ounce,163.17,,0,0,,2.76,0.69,0,,0,0,0,0,0,0,0,0,0,0,0,0,0,0,0,0,0,0,0,0,0,0,0,0,0,0,0,0,0,0,0,0,0,0,0,0,0,0,0,0,0,0,0,0,0,0,0,0,0
sea salt,,,,,,,,,0.056,ounce-weight,1.59,,,,,,,,,,,,,,,,,,,,,,,,,,,,,,,,,,,,,,,,,,,,,,,,,,,613.86,,,,,,
,,,,,,,,,,,,,,,,,,,,,,,,,,,,,,,,,,,,,,,,,,,,,,,,,,,,,,,,,,,,,,,,,,,,
Rosemary Oat Crumble,153.26,3.28,10.06,14.03,3.06,0,,Lunch Side,1,Serving,47.7,,89.37,11.72,,14.03,3.06,0.3,,0,0,10.93,10.06,1.3,5.41,1.52,0,0,18.42,7.25,0.36,0.73,0,0,0.09,0,0,0,0,0,0,0.1,0,0,1.03,0.52,0.52,4.33,0,22.76,0,0,0.01,0,1.2,0.56,0,0,0.12,63.71,0.01,101.14,0.01,0.78,0.7,0,0,0.02
oat flour,70.87,2.36,1.77,12.4,1.77,0,,,0.625,Ounce-weight,17.72,,15.95,2.66,,12.4,1.77,0,,0,0,10.63,1.77,0.3,0,0,0,0,0,0,0,0,0,0,0.09,0,0,0,0,0,0,0,0,0,0,0,0,0,0,11.81,0,0,0,0,0.85,0,0,0,0,62.01,0,0,0,0,0,0,0,0
flax seed meal,18.17,0.91,1.06,1.51,1.21,0,,,0.138889,Ounce-weight,3.94,,9.54,0,,1.51,1.21,0.3,,0,0,0.3,1.06,0,0.15,0.76,0,0,0,1.93,0.1,0.19,0,0,0,0,0,0,0,0,0,0,0,0,0,0,0,0,0,8.15,0,0,0,0,0.26,0,0,0,0,0,0,1.51,0,0.73,0,0,0,0
rosemary,0.56,0.01,0.03,0.11,0.07,0,,,0.047222,Tablespoon,0.17,,0.23,0.11,,0.11,0.07,0,,0,0,0,0.03,0.01,0.01,0,0,0,0.02,5.32,0.27,0.53,0,0,0,0,0,0,0,0,0,0.1,0,0,0,0.52,0.52,0,0,2.18,0,0,0,0,0.05,0.37,0,0,0.12,1.62,0.01,0.09,0.01,0,0,0,0,0
water,0,0,0,0,0,0,,,0.019444,Quart,18.42,,0,0,,0,0,0,,0,0,0,0,0,0,0,0,0,18.4,0,0,0,0,0,0,0,0,0,0,0,0,0,0,0,0,0,0,0,0,0.55,0,0,0.01,0,0,0.18,0,0,0,0,0,0.74,0,0,0,0,0,0
olive oil,63.65,0,7.2,0,0,0,,,0.008333,Quart,7.2,,63.65,8.95,,0,0,0,,0,0,0,7.2,0.99,5.25,0.76,0,0,0,0,0,0,0,0,0,0,0,0,0,0,0,0,0,0,1.03,0,0,4.33,0,0.07,0,0,0,0,0.04,0,0,0,0,0.07,0,0.14,0,0.05,0.7,0,0,0.02
sea salt,,,,,,,,,0.009,ounce-weight,0.26,,,,,,,,,,,,,,,,,,,,,,,,,,,,,,,,,,,,,,,,,,,,,,,,,,,98.66,,,,,,
,,,,,,,,,,,,,,,,,,,,,,,,,,,,,,,,,,,,,,,,,,,,,,,,,,,,,,,,,,,,,,,,,,,,
Cremini & Shiitake Mushroom Soup and Rosemary Oat Crumble,479.31,16.04,25.13,49.47,16.99,7.22,,,,,388.2,,,,,,,,,,,,,,,,,,,,,,,,,,,,,,,,,,,,,,,,,,,,,,,,,,,,,,,,,
